datetime,money,hour,day,month,weekday,Year,coffee_name_Americano with Milk,coffee_name_Cappuccino,coffee_name_Cocoa,coffee_name_Cortado,coffee_name_Espresso,coffee_name_Hot Chocolate,coffee_name_Latte,cash_type_1
15:50.5,38.7,10,1,3,4,2024,FALSE,FALSE,FALSE,FALSE,FALSE,FALSE,TRUE,TRUE
19:22.5,38.7,12,1,3,4,2024,FALSE,FALSE,FALSE,FALSE,FALSE,TRUE,FALSE,TRUE
20:18.1,38.7,12,1,3,4,2024,FALSE,FALSE,FALSE,FALSE,FALSE,TRUE,FALSE,TRUE
46:33.0,28.9,13,1,3,4,2024,FALSE,FALSE,FALSE,FALSE,FALSE,FALSE,FALSE,TRUE
48:14.6,38.7,13,1,3,4,2024,FALSE,FALSE,FALSE,FALSE,FALSE,FALSE,TRUE,TRUE
39:47.7,33.8,15,1,3,4,2024,TRUE,FALSE,FALSE,FALSE,FALSE,FALSE,FALSE,TRUE
19:02.8,38.7,16,1,3,4,2024,FALSE,FALSE,FALSE,FALSE,FALSE,TRUE,FALSE,TRUE
39:03.6,33.8,18,1,3,4,2024,TRUE,FALSE,FALSE,FALSE,FALSE,FALSE,FALSE,TRUE
22:01.8,38.7,19,1,3,4,2024,FALSE,FALSE,TRUE,FALSE,FALSE,FALSE,FALSE,TRUE
23:15.9,33.8,19,1,3,4,2024,TRUE,FALSE,FALSE,FALSE,FALSE,FALSE,FALSE,TRUE
29:17.4,33.8,19,1,3,4,2024,TRUE,FALSE,FALSE,FALSE,FALSE,FALSE,FALSE,TRUE
22:07.0,28.9,10,2,3,5,2024,FALSE,FALSE,FALSE,FALSE,FALSE,FALSE,FALSE,TRUE
30:35.7,40,10,2,3,5,2024,FALSE,FALSE,FALSE,FALSE,FALSE,FALSE,TRUE,FALSE
41:41.2,33.8,10,2,3,5,2024,TRUE,FALSE,FALSE,FALSE,FALSE,FALSE,FALSE,TRUE
59:45.5,33.8,11,2,3,5,2024,TRUE,FALSE,FALSE,FALSE,FALSE,FALSE,FALSE,TRUE
38:35.5,28.9,14,2,3,5,2024,FALSE,FALSE,FALSE,FALSE,FALSE,FALSE,FALSE,TRUE
37:24.5,33.8,16,2,3,5,2024,TRUE,FALSE,FALSE,FALSE,FALSE,FALSE,FALSE,TRUE
34:55.0,28.9,17,2,3,5,2024,FALSE,FALSE,FALSE,FALSE,FALSE,FALSE,FALSE,TRUE
10:44.0,40,10,3,3,6,2024,FALSE,FALSE,FALSE,FALSE,FALSE,FALSE,TRUE,FALSE
27:18.6,38.7,10,3,3,6,2024,FALSE,FALSE,FALSE,FALSE,FALSE,FALSE,TRUE,TRUE
33:56.1,28.9,11,3,3,6,2024,FALSE,FALSE,FALSE,TRUE,FALSE,FALSE,FALSE,TRUE
26:56.1,28.9,12,3,3,6,2024,FALSE,FALSE,FALSE,FALSE,FALSE,FALSE,FALSE,TRUE
09:36.3,38.7,13,3,3,6,2024,FALSE,FALSE,FALSE,FALSE,FALSE,TRUE,FALSE,TRUE
06:40.3,38.7,17,3,3,6,2024,FALSE,FALSE,TRUE,FALSE,FALSE,FALSE,FALSE,TRUE
08:45.9,28.9,17,3,3,6,2024,FALSE,FALSE,FALSE,TRUE,FALSE,FALSE,FALSE,TRUE
03:23.4,33.8,18,3,3,6,2024,TRUE,FALSE,FALSE,FALSE,FALSE,FALSE,FALSE,TRUE
04:27.9,33.8,18,3,3,6,2024,TRUE,FALSE,FALSE,FALSE,FALSE,FALSE,FALSE,TRUE
08:05.0,38.7,18,3,3,6,2024,FALSE,FALSE,FALSE,FALSE,FALSE,TRUE,FALSE,TRUE
03:52.0,38.7,10,4,3,0,2024,FALSE,FALSE,FALSE,FALSE,FALSE,FALSE,TRUE,TRUE
54:51.0,38.7,10,4,3,0,2024,FALSE,FALSE,FALSE,FALSE,FALSE,FALSE,TRUE,TRUE
05:16.2,33.8,11,4,3,0,2024,TRUE,FALSE,FALSE,FALSE,FALSE,FALSE,FALSE,TRUE
04:37.7,24,14,4,3,0,2024,FALSE,FALSE,FALSE,FALSE,TRUE,FALSE,FALSE,TRUE
59:52.7,38.7,9,5,3,1,2024,FALSE,FALSE,FALSE,FALSE,FALSE,FALSE,TRUE,TRUE
34:56.0,38.7,14,5,3,1,2024,FALSE,FALSE,FALSE,FALSE,FALSE,FALSE,TRUE,TRUE
34:06.0,38.7,17,5,3,1,2024,FALSE,FALSE,FALSE,FALSE,FALSE,FALSE,TRUE,TRUE
35:25.0,38.7,17,5,3,1,2024,FALSE,FALSE,FALSE,FALSE,FALSE,TRUE,FALSE,TRUE
36:28.6,38.7,17,5,3,1,2024,FALSE,FALSE,TRUE,FALSE,FALSE,FALSE,FALSE,TRUE
37:13.7,38.7,17,5,3,1,2024,FALSE,FALSE,FALSE,FALSE,FALSE,TRUE,FALSE,TRUE
38:09.4,38.7,17,5,3,1,2024,FALSE,FALSE,FALSE,FALSE,FALSE,TRUE,FALSE,TRUE
56:15.8,28.9,17,5,3,1,2024,FALSE,FALSE,FALSE,TRUE,FALSE,FALSE,FALSE,TRUE
01:31.2,38.7,18,5,3,1,2024,FALSE,FALSE,FALSE,FALSE,FALSE,TRUE,FALSE,TRUE
30:27.1,35,12,6,3,2,2024,TRUE,FALSE,FALSE,FALSE,FALSE,FALSE,FALSE,FALSE
24:07.7,28.9,13,6,3,2,2024,FALSE,FALSE,FALSE,FALSE,FALSE,FALSE,FALSE,TRUE
25:14.4,28.9,13,6,3,2,2024,FALSE,FALSE,FALSE,TRUE,FALSE,FALSE,FALSE,TRUE
52:01.8,38.7,14,6,3,2,2024,FALSE,TRUE,FALSE,FALSE,FALSE,FALSE,FALSE,TRUE
53:18.3,38.7,14,6,3,2,2024,FALSE,TRUE,FALSE,FALSE,FALSE,FALSE,FALSE,TRUE
08:58.9,40,10,7,3,3,2024,FALSE,FALSE,FALSE,FALSE,FALSE,FALSE,TRUE,FALSE
18:40.5,38.7,10,7,3,3,2024,FALSE,FALSE,FALSE,FALSE,FALSE,TRUE,FALSE,TRUE
03:59.0,38.7,11,7,3,3,2024,FALSE,FALSE,FALSE,FALSE,FALSE,FALSE,TRUE,TRUE
25:44.0,40,11,7,3,3,2024,FALSE,FALSE,FALSE,FALSE,FALSE,FALSE,TRUE,FALSE
40:22.6,28.9,15,7,3,3,2024,FALSE,FALSE,FALSE,FALSE,FALSE,FALSE,FALSE,TRUE
41:28.8,33.8,15,7,3,3,2024,TRUE,FALSE,FALSE,FALSE,FALSE,FALSE,FALSE,TRUE
34:41.3,28.9,10,8,3,4,2024,FALSE,FALSE,FALSE,TRUE,FALSE,FALSE,FALSE,TRUE
22:28.7,38.7,12,8,3,4,2024,FALSE,TRUE,FALSE,FALSE,FALSE,FALSE,FALSE,TRUE
53:02.0,28.9,13,8,3,4,2024,FALSE,FALSE,FALSE,FALSE,FALSE,FALSE,FALSE,TRUE
44:12.7,28.9,14,8,3,4,2024,FALSE,FALSE,FALSE,FALSE,FALSE,FALSE,FALSE,TRUE
45:11.0,28.9,14,8,3,4,2024,FALSE,FALSE,FALSE,FALSE,FALSE,FALSE,FALSE,TRUE
46:11.2,33.8,14,8,3,4,2024,TRUE,FALSE,FALSE,FALSE,FALSE,FALSE,FALSE,TRUE
57:51.5,38.7,18,8,3,4,2024,FALSE,FALSE,FALSE,FALSE,FALSE,FALSE,TRUE,TRUE
59:24.9,38.7,18,8,3,4,2024,FALSE,FALSE,FALSE,FALSE,FALSE,FALSE,TRUE,TRUE
49:37.3,40,11,9,3,5,2024,FALSE,FALSE,FALSE,FALSE,FALSE,TRUE,FALSE,FALSE
05:15.6,24,12,9,3,5,2024,FALSE,FALSE,FALSE,FALSE,TRUE,FALSE,FALSE,TRUE
07:38.3,28.9,12,9,3,5,2024,FALSE,FALSE,FALSE,FALSE,FALSE,FALSE,FALSE,TRUE
09:47.7,38.7,12,9,3,5,2024,FALSE,TRUE,FALSE,FALSE,FALSE,FALSE,FALSE,TRUE
13:03.5,28.9,12,9,3,5,2024,FALSE,FALSE,FALSE,FALSE,FALSE,FALSE,FALSE,TRUE
14:26.5,28.9,12,9,3,5,2024,FALSE,FALSE,FALSE,FALSE,FALSE,FALSE,FALSE,TRUE
09:22.2,38.7,13,9,3,5,2024,FALSE,FALSE,FALSE,FALSE,FALSE,FALSE,TRUE,TRUE
41:06.2,33.8,13,9,3,5,2024,TRUE,FALSE,FALSE,FALSE,FALSE,FALSE,FALSE,TRUE
53:10.4,28.9,13,9,3,5,2024,FALSE,FALSE,FALSE,TRUE,FALSE,FALSE,FALSE,TRUE
54:36.8,38.7,13,9,3,5,2024,FALSE,TRUE,FALSE,FALSE,FALSE,FALSE,FALSE,TRUE
08:01.8,33.8,14,9,3,5,2024,TRUE,FALSE,FALSE,FALSE,FALSE,FALSE,FALSE,TRUE
26:52.9,38.7,14,9,3,5,2024,FALSE,FALSE,FALSE,FALSE,FALSE,TRUE,FALSE,TRUE
17:57.6,38.7,19,9,3,5,2024,FALSE,TRUE,FALSE,FALSE,FALSE,FALSE,FALSE,TRUE
19:10.1,38.7,19,9,3,5,2024,FALSE,FALSE,FALSE,FALSE,FALSE,TRUE,FALSE,TRUE
44:18.5,30,7,10,3,6,2024,FALSE,FALSE,FALSE,FALSE,FALSE,FALSE,FALSE,FALSE
45:29.4,35,7,10,3,6,2024,TRUE,FALSE,FALSE,FALSE,FALSE,FALSE,FALSE,FALSE
06:03.0,40,10,10,3,6,2024,FALSE,FALSE,FALSE,FALSE,FALSE,FALSE,TRUE,FALSE
19:20.8,24,11,10,3,6,2024,FALSE,FALSE,FALSE,FALSE,TRUE,FALSE,FALSE,TRUE
51:03.0,35,17,10,3,6,2024,TRUE,FALSE,FALSE,FALSE,FALSE,FALSE,FALSE,FALSE
34:00.5,38.7,19,10,3,6,2024,FALSE,FALSE,FALSE,FALSE,FALSE,FALSE,TRUE,TRUE
35:54.7,28.9,19,10,3,6,2024,FALSE,FALSE,FALSE,TRUE,FALSE,FALSE,FALSE,TRUE
18:46.7,40,10,11,3,0,2024,FALSE,FALSE,FALSE,FALSE,FALSE,FALSE,TRUE,FALSE
24:15.0,40,11,11,3,0,2024,FALSE,TRUE,FALSE,FALSE,FALSE,FALSE,FALSE,FALSE
24:51.6,30,11,11,3,0,2024,FALSE,FALSE,FALSE,TRUE,FALSE,FALSE,FALSE,FALSE
26:44.2,30,11,11,3,0,2024,FALSE,FALSE,FALSE,FALSE,FALSE,FALSE,FALSE,FALSE
32:58.8,38.7,11,11,3,0,2024,FALSE,TRUE,FALSE,FALSE,FALSE,FALSE,FALSE,TRUE
24:26.4,28.9,16,11,3,0,2024,FALSE,FALSE,FALSE,FALSE,FALSE,FALSE,FALSE,TRUE
25:45.7,38.7,16,11,3,0,2024,FALSE,FALSE,FALSE,FALSE,FALSE,FALSE,TRUE,TRUE
50:49.6,28.9,16,11,3,0,2024,FALSE,FALSE,FALSE,TRUE,FALSE,FALSE,FALSE,TRUE
15:00.3,40,10,12,3,1,2024,FALSE,FALSE,FALSE,FALSE,FALSE,FALSE,TRUE,FALSE
15:34.5,28.9,10,12,3,1,2024,FALSE,FALSE,FALSE,FALSE,FALSE,FALSE,FALSE,TRUE
16:24.9,28.9,10,12,3,1,2024,FALSE,FALSE,FALSE,TRUE,FALSE,FALSE,FALSE,TRUE
20:45.6,38.7,11,12,3,1,2024,FALSE,FALSE,FALSE,FALSE,FALSE,TRUE,FALSE,TRUE
46:23.3,33.8,12,12,3,1,2024,TRUE,FALSE,FALSE,FALSE,FALSE,FALSE,FALSE,TRUE
47:26.0,28.9,12,12,3,1,2024,FALSE,FALSE,FALSE,FALSE,FALSE,FALSE,FALSE,TRUE
15:43.3,28.9,16,12,3,1,2024,FALSE,FALSE,FALSE,FALSE,FALSE,FALSE,FALSE,TRUE
06:43.0,38.7,11,13,3,2,2024,FALSE,FALSE,FALSE,FALSE,FALSE,TRUE,FALSE,TRUE
48:16.8,28.9,11,13,3,2,2024,FALSE,FALSE,FALSE,FALSE,FALSE,FALSE,FALSE,TRUE
18:06.3,28.9,12,13,3,2,2024,FALSE,FALSE,FALSE,FALSE,FALSE,FALSE,FALSE,TRUE
19:05.1,28.9,12,13,3,2,2024,FALSE,FALSE,FALSE,FALSE,FALSE,FALSE,FALSE,TRUE
34:30.3,25,12,13,3,2,2024,FALSE,FALSE,FALSE,FALSE,TRUE,FALSE,FALSE,FALSE
26:40.9,33.8,14,13,3,2,2024,TRUE,FALSE,FALSE,FALSE,FALSE,FALSE,FALSE,TRUE
40:22.3,24,15,13,3,2,2024,FALSE,FALSE,FALSE,FALSE,TRUE,FALSE,FALSE,TRUE
41:20.4,24,15,13,3,2,2024,FALSE,FALSE,FALSE,FALSE,TRUE,FALSE,FALSE,TRUE
47:09.4,24,16,13,3,2,2024,FALSE,FALSE,FALSE,FALSE,TRUE,FALSE,FALSE,TRUE
02:12.2,40,10,14,3,3,2024,FALSE,FALSE,FALSE,FALSE,FALSE,FALSE,TRUE,FALSE
28:33.0,38.7,10,14,3,3,2024,FALSE,FALSE,FALSE,FALSE,FALSE,FALSE,TRUE,TRUE
29:34.3,38.7,10,14,3,3,2024,FALSE,FALSE,FALSE,FALSE,FALSE,TRUE,FALSE,TRUE
27:29.5,28.9,13,14,3,3,2024,FALSE,FALSE,FALSE,TRUE,FALSE,FALSE,FALSE,TRUE
28:24.5,28.9,13,14,3,3,2024,FALSE,FALSE,FALSE,FALSE,FALSE,FALSE,FALSE,TRUE
51:59.9,33.8,13,14,3,3,2024,TRUE,FALSE,FALSE,FALSE,FALSE,FALSE,FALSE,TRUE
52:56.2,24,13,14,3,3,2024,FALSE,FALSE,FALSE,FALSE,TRUE,FALSE,FALSE,TRUE
20:38.4,38.7,15,14,3,3,2024,FALSE,FALSE,FALSE,FALSE,FALSE,FALSE,TRUE,TRUE
04:09.5,33.8,16,14,3,3,2024,TRUE,FALSE,FALSE,FALSE,FALSE,FALSE,FALSE,TRUE
54:38.2,24,16,14,3,3,2024,FALSE,FALSE,FALSE,FALSE,TRUE,FALSE,FALSE,TRUE
58:55.9,38.7,18,14,3,3,2024,FALSE,FALSE,FALSE,FALSE,FALSE,TRUE,FALSE,TRUE
00:08.7,28.9,19,14,3,3,2024,FALSE,FALSE,FALSE,TRUE,FALSE,FALSE,FALSE,TRUE
02:16.5,40,10,15,3,4,2024,FALSE,FALSE,FALSE,FALSE,FALSE,FALSE,TRUE,FALSE
53:02.2,38.7,10,15,3,4,2024,FALSE,FALSE,FALSE,FALSE,FALSE,TRUE,FALSE,TRUE
19:27.9,28.9,18,15,3,4,2024,FALSE,FALSE,FALSE,FALSE,FALSE,FALSE,FALSE,TRUE
06:55.2,33.8,12,16,3,5,2024,TRUE,FALSE,FALSE,FALSE,FALSE,FALSE,FALSE,TRUE
07:53.9,28.9,12,16,3,5,2024,FALSE,FALSE,FALSE,FALSE,FALSE,FALSE,FALSE,TRUE
58:18.5,28.9,15,16,3,5,2024,FALSE,FALSE,FALSE,TRUE,FALSE,FALSE,FALSE,TRUE
03:21.7,28.9,16,16,3,5,2024,FALSE,FALSE,FALSE,TRUE,FALSE,FALSE,FALSE,TRUE
04:11.4,28.9,16,16,3,5,2024,FALSE,FALSE,FALSE,TRUE,FALSE,FALSE,FALSE,TRUE
58:07.2,33.8,17,16,3,5,2024,TRUE,FALSE,FALSE,FALSE,FALSE,FALSE,FALSE,TRUE
10:21.4,40,10,17,3,6,2024,FALSE,FALSE,FALSE,FALSE,FALSE,FALSE,TRUE,FALSE
55:26.1,28.9,12,17,3,6,2024,FALSE,FALSE,FALSE,TRUE,FALSE,FALSE,FALSE,TRUE
17:59.7,28.9,11,18,3,0,2024,FALSE,FALSE,FALSE,TRUE,FALSE,FALSE,FALSE,TRUE
31:39.7,28.9,15,18,3,0,2024,FALSE,FALSE,FALSE,FALSE,FALSE,FALSE,FALSE,TRUE
32:38.2,28.9,15,18,3,0,2024,FALSE,FALSE,FALSE,FALSE,FALSE,FALSE,FALSE,TRUE
33:36.7,28.9,15,18,3,0,2024,FALSE,FALSE,FALSE,FALSE,FALSE,FALSE,FALSE,TRUE
20:26.0,30,10,19,3,1,2024,FALSE,FALSE,FALSE,TRUE,FALSE,FALSE,FALSE,FALSE
02:21.5,38.7,14,19,3,1,2024,FALSE,FALSE,FALSE,FALSE,FALSE,FALSE,TRUE,TRUE
03:19.8,38.7,14,19,3,1,2024,FALSE,FALSE,FALSE,FALSE,FALSE,FALSE,TRUE,TRUE
04:36.3,38.7,15,19,3,1,2024,FALSE,FALSE,FALSE,FALSE,FALSE,TRUE,FALSE,TRUE
53:48.7,33.8,16,19,3,1,2024,TRUE,FALSE,FALSE,FALSE,FALSE,FALSE,FALSE,TRUE
26:32.7,40,19,19,3,1,2024,FALSE,FALSE,FALSE,FALSE,FALSE,TRUE,FALSE,FALSE
41:16.4,28.9,11,20,3,2,2024,FALSE,FALSE,FALSE,TRUE,FALSE,FALSE,FALSE,TRUE
21:07.7,40,12,20,3,2,2024,FALSE,FALSE,FALSE,FALSE,FALSE,FALSE,TRUE,FALSE
30:49.0,28.9,12,20,3,2,2024,FALSE,FALSE,FALSE,TRUE,FALSE,FALSE,FALSE,TRUE
16:47.4,38.7,13,20,3,2,2024,FALSE,TRUE,FALSE,FALSE,FALSE,FALSE,FALSE,TRUE
42:38.1,38.7,16,20,3,2,2024,FALSE,FALSE,TRUE,FALSE,FALSE,FALSE,FALSE,TRUE
50:28.8,38.7,17,20,3,2,2024,FALSE,FALSE,FALSE,FALSE,FALSE,FALSE,TRUE,TRUE
18:57.0,40,10,21,3,3,2024,FALSE,TRUE,FALSE,FALSE,FALSE,FALSE,FALSE,FALSE
25:09.2,28.9,12,21,3,3,2024,FALSE,FALSE,FALSE,TRUE,FALSE,FALSE,FALSE,TRUE
26:17.4,38.7,12,21,3,3,2024,FALSE,TRUE,FALSE,FALSE,FALSE,FALSE,FALSE,TRUE
21:01.5,30,17,21,3,3,2024,FALSE,FALSE,FALSE,FALSE,FALSE,FALSE,FALSE,FALSE
22:01.4,28.9,17,21,3,3,2024,FALSE,FALSE,FALSE,TRUE,FALSE,FALSE,FALSE,TRUE
20:36.5,38.7,19,21,3,3,2024,FALSE,FALSE,FALSE,FALSE,FALSE,FALSE,TRUE,TRUE
35:53.6,33.8,10,22,3,4,2024,TRUE,FALSE,FALSE,FALSE,FALSE,FALSE,FALSE,TRUE
29:20.3,33.8,13,22,3,4,2024,TRUE,FALSE,FALSE,FALSE,FALSE,FALSE,FALSE,TRUE
15:14.4,40,16,22,3,4,2024,FALSE,TRUE,FALSE,FALSE,FALSE,FALSE,FALSE,FALSE
17:03.7,28.9,17,22,3,4,2024,FALSE,FALSE,FALSE,FALSE,FALSE,FALSE,FALSE,TRUE
17:59.0,24,17,22,3,4,2024,FALSE,FALSE,FALSE,FALSE,TRUE,FALSE,FALSE,TRUE
20:49.5,28.9,17,22,3,4,2024,FALSE,FALSE,FALSE,FALSE,FALSE,FALSE,FALSE,TRUE
43:59.6,38.7,10,23,3,5,2024,FALSE,FALSE,FALSE,FALSE,FALSE,FALSE,TRUE,TRUE
45:07.2,33.8,10,23,3,5,2024,TRUE,FALSE,FALSE,FALSE,FALSE,FALSE,FALSE,TRUE
10:07.7,38.7,13,23,3,5,2024,FALSE,TRUE,FALSE,FALSE,FALSE,FALSE,FALSE,TRUE
11:12.2,38.7,13,23,3,5,2024,FALSE,FALSE,TRUE,FALSE,FALSE,FALSE,FALSE,TRUE
44:41.3,33.8,14,23,3,5,2024,TRUE,FALSE,FALSE,FALSE,FALSE,FALSE,FALSE,TRUE
47:19.1,38.7,15,23,3,5,2024,FALSE,FALSE,FALSE,FALSE,FALSE,FALSE,TRUE,TRUE
49:33.8,33.8,15,23,3,5,2024,TRUE,FALSE,FALSE,FALSE,FALSE,FALSE,FALSE,TRUE
00:58.4,28.9,16,23,3,5,2024,FALSE,FALSE,FALSE,TRUE,FALSE,FALSE,FALSE,TRUE
03:56.0,40,10,24,3,6,2024,FALSE,FALSE,FALSE,FALSE,FALSE,FALSE,TRUE,FALSE
45:08.4,38.7,18,24,3,6,2024,FALSE,FALSE,FALSE,FALSE,FALSE,FALSE,TRUE,TRUE
31:47.2,38.7,10,25,3,0,2024,FALSE,FALSE,FALSE,FALSE,FALSE,FALSE,TRUE,TRUE
16:25.7,35,11,25,3,0,2024,TRUE,FALSE,FALSE,FALSE,FALSE,FALSE,FALSE,FALSE
27:09.2,38.7,14,25,3,0,2024,FALSE,FALSE,FALSE,FALSE,FALSE,FALSE,TRUE,TRUE
29:25.3,38.7,14,25,3,0,2024,FALSE,FALSE,FALSE,FALSE,FALSE,FALSE,TRUE,TRUE
37:30.7,33.8,18,25,3,0,2024,TRUE,FALSE,FALSE,FALSE,FALSE,FALSE,FALSE,TRUE
34:24.5,38.7,19,25,3,0,2024,FALSE,TRUE,FALSE,FALSE,FALSE,FALSE,FALSE,TRUE
35:49.7,38.7,10,26,3,1,2024,FALSE,FALSE,TRUE,FALSE,FALSE,FALSE,FALSE,TRUE
36:36.2,38.7,10,26,3,1,2024,FALSE,FALSE,FALSE,FALSE,FALSE,FALSE,TRUE,TRUE
42:30.2,38.7,10,26,3,1,2024,FALSE,FALSE,FALSE,FALSE,FALSE,FALSE,TRUE,TRUE
11:47.3,28.9,11,26,3,1,2024,FALSE,FALSE,FALSE,TRUE,FALSE,FALSE,FALSE,TRUE
35:52.8,28.9,13,26,3,1,2024,FALSE,FALSE,FALSE,FALSE,FALSE,FALSE,FALSE,TRUE
36:49.6,28.9,13,26,3,1,2024,FALSE,FALSE,FALSE,TRUE,FALSE,FALSE,FALSE,TRUE
37:59.7,28.9,13,26,3,1,2024,FALSE,FALSE,FALSE,TRUE,FALSE,FALSE,FALSE,TRUE
57:53.7,28.9,13,26,3,1,2024,FALSE,FALSE,FALSE,FALSE,FALSE,FALSE,FALSE,TRUE
48:02.3,38.7,15,26,3,1,2024,FALSE,FALSE,FALSE,FALSE,FALSE,FALSE,TRUE,TRUE
33:38.6,38.7,18,26,3,1,2024,FALSE,FALSE,FALSE,FALSE,FALSE,FALSE,TRUE,TRUE
34:54.6,38.7,18,26,3,1,2024,FALSE,FALSE,FALSE,FALSE,FALSE,TRUE,FALSE,TRUE
04:51.2,28.9,11,27,3,2,2024,FALSE,FALSE,FALSE,TRUE,FALSE,FALSE,FALSE,TRUE
05:58.2,33.8,11,27,3,2,2024,TRUE,FALSE,FALSE,FALSE,FALSE,FALSE,FALSE,TRUE
57:00.5,33.8,12,27,3,2,2024,TRUE,FALSE,FALSE,FALSE,FALSE,FALSE,FALSE,TRUE
35:20.0,38.7,13,27,3,2,2024,FALSE,FALSE,FALSE,FALSE,FALSE,TRUE,FALSE,TRUE
22:31.7,38.7,14,27,3,2,2024,FALSE,TRUE,FALSE,FALSE,FALSE,FALSE,FALSE,TRUE
23:35.4,28.9,14,27,3,2,2024,FALSE,FALSE,FALSE,FALSE,FALSE,FALSE,FALSE,TRUE
30:11.8,28.9,18,27,3,2,2024,FALSE,FALSE,FALSE,TRUE,FALSE,FALSE,FALSE,TRUE
31:12.4,40,19,27,3,2,2024,FALSE,FALSE,FALSE,FALSE,FALSE,FALSE,TRUE,FALSE
24:47.1,28.9,14,28,3,3,2024,FALSE,FALSE,FALSE,TRUE,FALSE,FALSE,FALSE,TRUE
24:46.2,28.9,17,28,3,3,2024,FALSE,FALSE,FALSE,TRUE,FALSE,FALSE,FALSE,TRUE
27:05.3,28.9,17,28,3,3,2024,FALSE,FALSE,FALSE,FALSE,FALSE,FALSE,FALSE,TRUE
32:44.7,38.7,17,28,3,3,2024,FALSE,FALSE,FALSE,FALSE,FALSE,FALSE,TRUE,TRUE
56:19.5,38.7,10,29,3,4,2024,FALSE,FALSE,FALSE,FALSE,FALSE,FALSE,TRUE,TRUE
34:17.4,38.7,12,29,3,4,2024,FALSE,TRUE,FALSE,FALSE,FALSE,FALSE,FALSE,TRUE
41:32.1,38.7,12,29,3,4,2024,FALSE,TRUE,FALSE,FALSE,FALSE,FALSE,FALSE,TRUE
22:44.6,40,13,29,3,4,2024,FALSE,TRUE,FALSE,FALSE,FALSE,FALSE,FALSE,FALSE
59:19.9,38.7,11,30,3,5,2024,FALSE,FALSE,FALSE,FALSE,FALSE,FALSE,TRUE,TRUE
49:25.8,40,13,30,3,5,2024,FALSE,TRUE,FALSE,FALSE,FALSE,FALSE,FALSE,FALSE
12:31.8,38.7,16,30,3,5,2024,FALSE,FALSE,FALSE,FALSE,FALSE,FALSE,TRUE,TRUE
36:40.5,38.7,16,30,3,5,2024,FALSE,FALSE,FALSE,FALSE,FALSE,FALSE,TRUE,TRUE
37:57.6,33.8,16,30,3,5,2024,TRUE,FALSE,FALSE,FALSE,FALSE,FALSE,FALSE,TRUE
40:04.5,38.7,10,31,3,6,2024,FALSE,TRUE,FALSE,FALSE,FALSE,FALSE,FALSE,TRUE
36:45.0,30,19,31,3,6,2024,FALSE,FALSE,FALSE,FALSE,FALSE,FALSE,FALSE,FALSE
28:47.6,28.9,10,1,4,0,2024,FALSE,FALSE,FALSE,FALSE,FALSE,FALSE,FALSE,TRUE
29:42.3,33.8,10,1,4,0,2024,TRUE,FALSE,FALSE,FALSE,FALSE,FALSE,FALSE,TRUE
30:43.7,33.8,10,1,4,0,2024,TRUE,FALSE,FALSE,FALSE,FALSE,FALSE,FALSE,TRUE
15:43.8,33.8,11,1,4,0,2024,TRUE,FALSE,FALSE,FALSE,FALSE,FALSE,FALSE,TRUE
01:42.9,40,17,1,4,0,2024,FALSE,TRUE,FALSE,FALSE,FALSE,FALSE,FALSE,FALSE
18:42.4,33.8,18,1,4,0,2024,TRUE,FALSE,FALSE,FALSE,FALSE,FALSE,FALSE,TRUE
45:27.4,38.7,18,1,4,0,2024,FALSE,FALSE,FALSE,FALSE,FALSE,TRUE,FALSE,TRUE
01:14.0,38.7,10,2,4,1,2024,FALSE,FALSE,FALSE,FALSE,FALSE,FALSE,TRUE,TRUE
18:34.2,28.9,16,2,4,1,2024,FALSE,FALSE,FALSE,FALSE,FALSE,FALSE,FALSE,TRUE
19:28.5,28.9,16,2,4,1,2024,FALSE,FALSE,FALSE,TRUE,FALSE,FALSE,FALSE,TRUE
59:31.9,40,19,2,4,1,2024,FALSE,TRUE,FALSE,FALSE,FALSE,FALSE,FALSE,FALSE
19:13.6,28.9,10,3,4,2,2024,FALSE,FALSE,FALSE,TRUE,FALSE,FALSE,FALSE,TRUE
20:07.7,28.9,10,3,4,2,2024,FALSE,FALSE,FALSE,FALSE,FALSE,FALSE,FALSE,TRUE
12:05.4,38.7,13,3,4,2,2024,FALSE,TRUE,FALSE,FALSE,FALSE,FALSE,FALSE,TRUE
36:11.7,30,15,3,4,2,2024,FALSE,FALSE,FALSE,TRUE,FALSE,FALSE,FALSE,FALSE
44:56.0,38.7,10,4,4,3,2024,FALSE,FALSE,FALSE,FALSE,FALSE,FALSE,TRUE,TRUE
26:38.1,38.7,11,4,4,3,2024,FALSE,FALSE,FALSE,FALSE,FALSE,FALSE,TRUE,TRUE
27:48.4,38.7,11,4,4,3,2024,FALSE,TRUE,FALSE,FALSE,FALSE,FALSE,FALSE,TRUE
23:02.2,28.9,12,4,4,3,2024,FALSE,FALSE,FALSE,TRUE,FALSE,FALSE,FALSE,TRUE
42:07.7,40,19,4,4,3,2024,FALSE,FALSE,FALSE,FALSE,FALSE,FALSE,TRUE,FALSE
40:42.7,28.9,10,5,4,4,2024,FALSE,FALSE,FALSE,FALSE,FALSE,FALSE,FALSE,TRUE
42:06.2,28.9,10,5,4,4,2024,FALSE,FALSE,FALSE,FALSE,FALSE,FALSE,FALSE,TRUE
06:14.6,28.9,11,5,4,4,2024,FALSE,FALSE,FALSE,TRUE,FALSE,FALSE,FALSE,TRUE
14:28.0,33.8,12,5,4,4,2024,TRUE,FALSE,FALSE,FALSE,FALSE,FALSE,FALSE,TRUE
23:40.4,38.7,14,5,4,4,2024,FALSE,FALSE,FALSE,FALSE,FALSE,FALSE,TRUE,TRUE
24:50.4,28.9,14,5,4,4,2024,FALSE,FALSE,FALSE,TRUE,FALSE,FALSE,FALSE,TRUE
30:50.4,40,15,5,4,4,2024,FALSE,FALSE,FALSE,FALSE,FALSE,FALSE,TRUE,FALSE
54:15.8,40,15,5,4,4,2024,FALSE,TRUE,FALSE,FALSE,FALSE,FALSE,FALSE,FALSE
55:30.9,30,15,5,4,4,2024,FALSE,FALSE,FALSE,FALSE,FALSE,FALSE,FALSE,FALSE
17:44.0,40,16,5,4,4,2024,FALSE,FALSE,TRUE,FALSE,FALSE,FALSE,FALSE,FALSE
18:23.6,24,16,5,4,4,2024,FALSE,FALSE,FALSE,FALSE,TRUE,FALSE,FALSE,TRUE
32:31.4,33.8,12,6,4,5,2024,TRUE,FALSE,FALSE,FALSE,FALSE,FALSE,FALSE,TRUE
13:18.7,38.7,14,6,4,5,2024,FALSE,TRUE,FALSE,FALSE,FALSE,FALSE,FALSE,TRUE
14:27.0,28.9,14,6,4,5,2024,FALSE,FALSE,FALSE,FALSE,FALSE,FALSE,FALSE,TRUE
49:50.2,38.7,14,6,4,5,2024,FALSE,FALSE,FALSE,FALSE,FALSE,FALSE,TRUE,TRUE
12:53.2,38.7,10,7,4,6,2024,FALSE,FALSE,FALSE,FALSE,FALSE,FALSE,TRUE,TRUE
44:31.9,38.7,12,7,4,6,2024,FALSE,TRUE,FALSE,FALSE,FALSE,FALSE,FALSE,TRUE
46:05.1,38.7,12,7,4,6,2024,FALSE,TRUE,FALSE,FALSE,FALSE,FALSE,FALSE,TRUE
16:24.9,28.9,14,7,4,6,2024,FALSE,FALSE,FALSE,TRUE,FALSE,FALSE,FALSE,TRUE
17:30.6,24,14,7,4,6,2024,FALSE,FALSE,FALSE,FALSE,TRUE,FALSE,FALSE,TRUE
01:16.6,38.7,18,7,4,6,2024,FALSE,FALSE,FALSE,FALSE,FALSE,TRUE,FALSE,TRUE
02:03.9,33.8,18,7,4,6,2024,TRUE,FALSE,FALSE,FALSE,FALSE,FALSE,FALSE,TRUE
58:21.1,33.8,10,8,4,0,2024,TRUE,FALSE,FALSE,FALSE,FALSE,FALSE,FALSE,TRUE
59:27.6,38.7,10,8,4,0,2024,FALSE,TRUE,FALSE,FALSE,FALSE,FALSE,FALSE,TRUE
01:20.5,28.9,11,8,4,0,2024,FALSE,FALSE,FALSE,FALSE,FALSE,FALSE,FALSE,TRUE
04:47.0,38.7,11,8,4,0,2024,FALSE,TRUE,FALSE,FALSE,FALSE,FALSE,FALSE,TRUE
54:25.9,25,12,8,4,0,2024,FALSE,FALSE,FALSE,FALSE,TRUE,FALSE,FALSE,FALSE
43:36.9,35,15,8,4,0,2024,TRUE,FALSE,FALSE,FALSE,FALSE,FALSE,FALSE,FALSE
41:37.8,38.7,16,8,4,0,2024,FALSE,FALSE,FALSE,FALSE,FALSE,FALSE,TRUE,TRUE
18:09.7,28.9,18,8,4,0,2024,FALSE,FALSE,FALSE,FALSE,FALSE,FALSE,FALSE,TRUE
22:27.5,33.8,19,8,4,0,2024,TRUE,FALSE,FALSE,FALSE,FALSE,FALSE,FALSE,TRUE
23:59.3,38.7,19,8,4,0,2024,FALSE,TRUE,FALSE,FALSE,FALSE,FALSE,FALSE,TRUE
22:27.4,40,10,9,4,1,2024,FALSE,TRUE,FALSE,FALSE,FALSE,FALSE,FALSE,FALSE
24:10.1,30,10,9,4,1,2024,FALSE,FALSE,FALSE,FALSE,FALSE,FALSE,FALSE,FALSE
42:28.5,38.7,11,9,4,1,2024,FALSE,FALSE,FALSE,FALSE,FALSE,FALSE,TRUE,TRUE
11:48.7,38.7,15,9,4,1,2024,FALSE,FALSE,FALSE,FALSE,FALSE,TRUE,FALSE,TRUE
25:23.9,38.7,17,9,4,1,2024,FALSE,FALSE,FALSE,FALSE,FALSE,TRUE,FALSE,TRUE
21:26.2,25,10,10,4,2,2024,FALSE,FALSE,FALSE,FALSE,TRUE,FALSE,FALSE,FALSE
55:07.0,40,17,10,4,2,2024,FALSE,FALSE,FALSE,FALSE,FALSE,TRUE,FALSE,FALSE
55:31.2,24,17,10,4,2,2024,FALSE,FALSE,FALSE,FALSE,TRUE,FALSE,FALSE,TRUE
24:59.3,38.7,18,10,4,2,2024,FALSE,TRUE,FALSE,FALSE,FALSE,FALSE,FALSE,TRUE
04:05.4,38.7,20,10,4,2,2024,FALSE,FALSE,FALSE,FALSE,FALSE,FALSE,TRUE,TRUE
41:23.2,28.9,10,11,4,3,2024,FALSE,FALSE,FALSE,FALSE,FALSE,FALSE,FALSE,TRUE
42:59.4,28.9,10,11,4,3,2024,FALSE,FALSE,FALSE,FALSE,FALSE,FALSE,FALSE,TRUE
35:23.1,38.7,16,11,4,3,2024,FALSE,FALSE,FALSE,FALSE,FALSE,FALSE,TRUE,TRUE
16:56.6,38.7,19,11,4,3,2024,FALSE,TRUE,FALSE,FALSE,FALSE,FALSE,FALSE,TRUE
18:36.6,33.8,19,11,4,3,2024,TRUE,FALSE,FALSE,FALSE,FALSE,FALSE,FALSE,TRUE
03:43.4,38.7,19,12,4,4,2024,FALSE,FALSE,FALSE,FALSE,FALSE,TRUE,FALSE,TRUE
38:23.2,28.9,19,12,4,4,2024,FALSE,FALSE,FALSE,TRUE,FALSE,FALSE,FALSE,TRUE
29:19.8,38.7,12,13,4,5,2024,FALSE,FALSE,FALSE,FALSE,FALSE,FALSE,TRUE,TRUE
43:02.4,28.9,12,13,4,5,2024,FALSE,FALSE,FALSE,FALSE,FALSE,FALSE,FALSE,TRUE
06:52.3,40,15,13,4,5,2024,FALSE,FALSE,FALSE,FALSE,FALSE,TRUE,FALSE,FALSE
07:56.0,40,15,13,4,5,2024,FALSE,FALSE,FALSE,FALSE,FALSE,TRUE,FALSE,FALSE
18:03.9,38.7,16,13,4,5,2024,FALSE,TRUE,FALSE,FALSE,FALSE,FALSE,FALSE,TRUE
19:39.8,38.7,16,13,4,5,2024,FALSE,FALSE,FALSE,FALSE,FALSE,FALSE,TRUE,TRUE
51:26.0,38.7,17,13,4,5,2024,FALSE,TRUE,FALSE,FALSE,FALSE,FALSE,FALSE,TRUE
53:19.2,38.7,17,13,4,5,2024,FALSE,TRUE,FALSE,FALSE,FALSE,FALSE,FALSE,TRUE
55:27.4,40,10,14,4,6,2024,FALSE,FALSE,FALSE,FALSE,FALSE,FALSE,TRUE,FALSE
24:39.0,38.7,12,14,4,6,2024,FALSE,TRUE,FALSE,FALSE,FALSE,FALSE,FALSE,TRUE
27:09.0,30,12,14,4,6,2024,FALSE,FALSE,FALSE,TRUE,FALSE,FALSE,FALSE,FALSE
29:06.9,30,12,14,4,6,2024,FALSE,FALSE,FALSE,TRUE,FALSE,FALSE,FALSE,FALSE
31:36.0,35,12,14,4,6,2024,TRUE,FALSE,FALSE,FALSE,FALSE,FALSE,FALSE,FALSE
21:49.8,28.9,13,14,4,6,2024,FALSE,FALSE,FALSE,TRUE,FALSE,FALSE,FALSE,TRUE
23:31.6,28.9,14,14,4,6,2024,FALSE,FALSE,FALSE,FALSE,FALSE,FALSE,FALSE,TRUE
24:26.9,28.9,14,14,4,6,2024,FALSE,FALSE,FALSE,FALSE,FALSE,FALSE,FALSE,TRUE
25:18.1,28.9,14,14,4,6,2024,FALSE,FALSE,FALSE,FALSE,FALSE,FALSE,FALSE,TRUE
46:27.7,38.7,15,14,4,6,2024,FALSE,TRUE,FALSE,FALSE,FALSE,FALSE,FALSE,TRUE
59:54.8,28.9,16,14,4,6,2024,FALSE,FALSE,FALSE,TRUE,FALSE,FALSE,FALSE,TRUE
00:45.4,38.7,17,14,4,6,2024,FALSE,FALSE,FALSE,FALSE,FALSE,FALSE,TRUE,TRUE
38:19.6,38.7,18,14,4,6,2024,FALSE,TRUE,FALSE,FALSE,FALSE,FALSE,FALSE,TRUE
45:24.6,28.9,11,15,4,0,2024,FALSE,FALSE,FALSE,FALSE,FALSE,FALSE,FALSE,TRUE
01:46.4,28.9,17,15,4,0,2024,FALSE,FALSE,FALSE,FALSE,FALSE,FALSE,FALSE,TRUE
02:49.7,33.8,17,15,4,0,2024,TRUE,FALSE,FALSE,FALSE,FALSE,FALSE,FALSE,TRUE
33:03.0,33.8,19,15,4,0,2024,TRUE,FALSE,FALSE,FALSE,FALSE,FALSE,FALSE,TRUE
41:58.1,25,19,15,4,0,2024,FALSE,FALSE,FALSE,FALSE,TRUE,FALSE,FALSE,FALSE
43:49.9,35,10,16,4,1,2024,TRUE,FALSE,FALSE,FALSE,FALSE,FALSE,FALSE,FALSE
46:25.7,33.8,10,16,4,1,2024,TRUE,FALSE,FALSE,FALSE,FALSE,FALSE,FALSE,TRUE
40:47.7,38.7,12,16,4,1,2024,FALSE,FALSE,TRUE,FALSE,FALSE,FALSE,FALSE,TRUE
52:07.8,28.9,12,16,4,1,2024,FALSE,FALSE,FALSE,TRUE,FALSE,FALSE,FALSE,TRUE
03:16.9,28.9,15,16,4,1,2024,FALSE,FALSE,FALSE,FALSE,FALSE,FALSE,FALSE,TRUE
42:04.2,33.8,17,16,4,1,2024,TRUE,FALSE,FALSE,FALSE,FALSE,FALSE,FALSE,TRUE
43:23.0,38.7,17,16,4,1,2024,FALSE,TRUE,FALSE,FALSE,FALSE,FALSE,FALSE,TRUE
09:05.3,38.7,18,16,4,1,2024,FALSE,FALSE,TRUE,FALSE,FALSE,FALSE,FALSE,TRUE
32:59.8,28.9,13,17,4,2,2024,FALSE,FALSE,FALSE,FALSE,FALSE,FALSE,FALSE,TRUE
44:00.2,24,13,17,4,2,2024,FALSE,FALSE,FALSE,FALSE,TRUE,FALSE,FALSE,TRUE
13:24.3,40,16,17,4,2,2024,FALSE,TRUE,FALSE,FALSE,FALSE,FALSE,FALSE,FALSE
01:35.1,38.7,17,17,4,2,2024,FALSE,TRUE,FALSE,FALSE,FALSE,FALSE,FALSE,TRUE
02:40.7,38.7,17,17,4,2,2024,FALSE,TRUE,FALSE,FALSE,FALSE,FALSE,FALSE,TRUE
14:03.2,28.9,18,17,4,2,2024,FALSE,FALSE,FALSE,TRUE,FALSE,FALSE,FALSE,TRUE
19:01.7,28.9,11,18,4,3,2024,FALSE,FALSE,FALSE,FALSE,FALSE,FALSE,FALSE,TRUE
20:05.7,28.9,11,18,4,3,2024,FALSE,FALSE,FALSE,FALSE,FALSE,FALSE,FALSE,TRUE
49:12.7,33.8,13,18,4,3,2024,TRUE,FALSE,FALSE,FALSE,FALSE,FALSE,FALSE,TRUE
50:17.3,28.9,13,18,4,3,2024,FALSE,FALSE,FALSE,TRUE,FALSE,FALSE,FALSE,TRUE
34:19.8,38.7,14,18,4,3,2024,FALSE,TRUE,FALSE,FALSE,FALSE,FALSE,FALSE,TRUE
35:49.4,38.7,14,18,4,3,2024,FALSE,FALSE,FALSE,FALSE,FALSE,FALSE,TRUE,TRUE
44:15.8,38.7,17,18,4,3,2024,FALSE,FALSE,FALSE,FALSE,FALSE,FALSE,TRUE,TRUE
21:05.9,38.7,18,18,4,3,2024,FALSE,TRUE,FALSE,FALSE,FALSE,FALSE,FALSE,TRUE
39:51.2,38.7,19,18,4,3,2024,FALSE,FALSE,FALSE,FALSE,FALSE,TRUE,FALSE,TRUE
40:49.0,38.7,19,18,4,3,2024,FALSE,FALSE,FALSE,FALSE,FALSE,TRUE,FALSE,TRUE
10:36.3,38.7,10,19,4,4,2024,FALSE,FALSE,FALSE,FALSE,FALSE,FALSE,TRUE,TRUE
11:47.8,33.8,13,19,4,4,2024,TRUE,FALSE,FALSE,FALSE,FALSE,FALSE,FALSE,TRUE
13:20.9,38.7,13,19,4,4,2024,FALSE,TRUE,FALSE,FALSE,FALSE,FALSE,FALSE,TRUE
58:54.1,38.7,13,19,4,4,2024,FALSE,FALSE,FALSE,FALSE,FALSE,TRUE,FALSE,TRUE
59:49.7,38.7,13,19,4,4,2024,FALSE,TRUE,FALSE,FALSE,FALSE,FALSE,FALSE,TRUE
23:19.3,38.7,18,19,4,4,2024,FALSE,FALSE,TRUE,FALSE,FALSE,FALSE,FALSE,TRUE
25:33.4,33.8,18,19,4,4,2024,TRUE,FALSE,FALSE,FALSE,FALSE,FALSE,FALSE,TRUE
24:42.7,35,11,20,4,5,2024,TRUE,FALSE,FALSE,FALSE,FALSE,FALSE,FALSE,FALSE
08:35.7,33.8,12,20,4,5,2024,TRUE,FALSE,FALSE,FALSE,FALSE,FALSE,FALSE,TRUE
09:42.7,33.8,12,20,4,5,2024,TRUE,FALSE,FALSE,FALSE,FALSE,FALSE,FALSE,TRUE
08:37.4,28.9,13,20,4,5,2024,FALSE,FALSE,FALSE,FALSE,FALSE,FALSE,FALSE,TRUE
09:47.9,33.8,13,20,4,5,2024,TRUE,FALSE,FALSE,FALSE,FALSE,FALSE,FALSE,TRUE
10:55.2,38.7,13,20,4,5,2024,FALSE,FALSE,FALSE,FALSE,FALSE,TRUE,FALSE,TRUE
44:18.1,38.7,14,20,4,5,2024,FALSE,TRUE,FALSE,FALSE,FALSE,FALSE,FALSE,TRUE
11:00.3,33.8,15,20,4,5,2024,TRUE,FALSE,FALSE,FALSE,FALSE,FALSE,FALSE,TRUE
22:40.7,32.82,15,20,4,5,2024,TRUE,FALSE,FALSE,FALSE,FALSE,FALSE,FALSE,TRUE
49:25.1,32.82,15,20,4,5,2024,TRUE,FALSE,FALSE,FALSE,FALSE,FALSE,FALSE,TRUE
07:58.0,39,17,20,4,5,2024,FALSE,FALSE,TRUE,FALSE,FALSE,FALSE,FALSE,FALSE
27:41.5,37.72,18,20,4,5,2024,FALSE,TRUE,FALSE,FALSE,FALSE,FALSE,FALSE,TRUE
28:46.9,37.72,18,20,4,5,2024,FALSE,TRUE,FALSE,FALSE,FALSE,FALSE,FALSE,TRUE
30:55.3,37.72,19,20,4,5,2024,FALSE,FALSE,FALSE,FALSE,FALSE,FALSE,TRUE,TRUE
16:45.7,37.72,11,21,4,6,2024,FALSE,FALSE,FALSE,FALSE,FALSE,FALSE,TRUE,TRUE
15:37.5,27.92,14,21,4,6,2024,FALSE,FALSE,FALSE,FALSE,FALSE,FALSE,FALSE,TRUE
09:03.2,39,17,21,4,6,2024,FALSE,TRUE,FALSE,FALSE,FALSE,FALSE,FALSE,FALSE
09:16.4,27.92,11,22,4,0,2024,FALSE,FALSE,FALSE,FALSE,FALSE,FALSE,FALSE,TRUE
29:27.1,32.82,11,22,4,0,2024,TRUE,FALSE,FALSE,FALSE,FALSE,FALSE,FALSE,TRUE
40:33.0,39,18,22,4,0,2024,FALSE,FALSE,FALSE,FALSE,FALSE,FALSE,TRUE,FALSE
39:04.8,37.72,19,22,4,0,2024,FALSE,FALSE,FALSE,FALSE,FALSE,FALSE,TRUE,TRUE
02:29.2,39,20,22,4,0,2024,FALSE,TRUE,FALSE,FALSE,FALSE,FALSE,FALSE,FALSE
22:36.0,37.72,14,23,4,1,2024,FALSE,TRUE,FALSE,FALSE,FALSE,FALSE,FALSE,TRUE
23:53.1,32.82,14,23,4,1,2024,TRUE,FALSE,FALSE,FALSE,FALSE,FALSE,FALSE,TRUE
24:57.5,37.72,14,23,4,1,2024,FALSE,TRUE,FALSE,FALSE,FALSE,FALSE,FALSE,TRUE
42:27.8,32.82,19,23,4,1,2024,TRUE,FALSE,FALSE,FALSE,FALSE,FALSE,FALSE,TRUE
43:26.2,32.82,19,23,4,1,2024,TRUE,FALSE,FALSE,FALSE,FALSE,FALSE,FALSE,TRUE
19:38.3,37.72,10,24,4,2,2024,FALSE,FALSE,FALSE,FALSE,FALSE,FALSE,TRUE,TRUE
21:27.3,32.82,10,24,4,2,2024,TRUE,FALSE,FALSE,FALSE,FALSE,FALSE,FALSE,TRUE
23:46.1,32.82,11,24,4,2,2024,TRUE,FALSE,FALSE,FALSE,FALSE,FALSE,FALSE,TRUE
33:26.3,32.82,11,24,4,2,2024,TRUE,FALSE,FALSE,FALSE,FALSE,FALSE,FALSE,TRUE
39:09.3,32.82,12,24,4,2,2024,TRUE,FALSE,FALSE,FALSE,FALSE,FALSE,FALSE,TRUE
39:07.4,32.82,16,24,4,2,2024,TRUE,FALSE,FALSE,FALSE,FALSE,FALSE,FALSE,TRUE
39:50.0,32.82,19,24,4,2,2024,TRUE,FALSE,FALSE,FALSE,FALSE,FALSE,FALSE,TRUE
40:54.0,37.72,19,24,4,2,2024,FALSE,TRUE,FALSE,FALSE,FALSE,FALSE,FALSE,TRUE
46:08.1,27.92,10,25,4,3,2024,FALSE,FALSE,FALSE,FALSE,FALSE,FALSE,FALSE,TRUE
18:27.0,37.72,15,25,4,3,2024,FALSE,FALSE,FALSE,FALSE,FALSE,FALSE,TRUE,TRUE
09:43.5,27.92,17,25,4,3,2024,FALSE,FALSE,FALSE,FALSE,FALSE,FALSE,FALSE,TRUE
10:49.2,27.92,17,25,4,3,2024,FALSE,FALSE,FALSE,FALSE,FALSE,FALSE,FALSE,TRUE
12:50.6,37.72,10,26,4,4,2024,FALSE,FALSE,FALSE,FALSE,FALSE,FALSE,TRUE,TRUE
01:30.6,37.72,12,26,4,4,2024,FALSE,FALSE,FALSE,FALSE,FALSE,FALSE,TRUE,TRUE
31:28.3,37.72,13,26,4,4,2024,FALSE,TRUE,FALSE,FALSE,FALSE,FALSE,FALSE,TRUE
32:35.4,27.92,15,26,4,4,2024,FALSE,FALSE,FALSE,FALSE,FALSE,FALSE,FALSE,TRUE
33:33.1,27.92,15,26,4,4,2024,FALSE,FALSE,FALSE,FALSE,FALSE,FALSE,FALSE,TRUE
23:26.5,27.92,16,26,4,4,2024,FALSE,FALSE,FALSE,TRUE,FALSE,FALSE,FALSE,TRUE
24:33.8,27.92,16,26,4,4,2024,FALSE,FALSE,FALSE,FALSE,FALSE,FALSE,FALSE,TRUE
32:07.1,37.72,19,26,4,4,2024,FALSE,FALSE,FALSE,FALSE,FALSE,TRUE,FALSE,TRUE
33:30.2,37.72,19,26,4,4,2024,FALSE,FALSE,TRUE,FALSE,FALSE,FALSE,FALSE,TRUE
27:00.7,37.72,15,27,4,5,2024,FALSE,TRUE,FALSE,FALSE,FALSE,FALSE,FALSE,TRUE
32:52.5,37.72,10,28,4,6,2024,FALSE,FALSE,FALSE,FALSE,FALSE,FALSE,TRUE,TRUE
30:09.7,37.72,12,28,4,6,2024,FALSE,TRUE,FALSE,FALSE,FALSE,FALSE,FALSE,TRUE
27:08.2,27.92,18,28,4,6,2024,FALSE,FALSE,FALSE,FALSE,FALSE,FALSE,FALSE,TRUE
28:11.4,27.92,18,28,4,6,2024,FALSE,FALSE,FALSE,FALSE,FALSE,FALSE,FALSE,TRUE
29:02.4,37.72,18,28,4,6,2024,FALSE,FALSE,FALSE,FALSE,FALSE,FALSE,TRUE,TRUE
26:31.9,27.92,11,29,4,0,2024,FALSE,FALSE,FALSE,TRUE,FALSE,FALSE,FALSE,TRUE
27:56.9,27.92,13,29,4,0,2024,FALSE,FALSE,FALSE,FALSE,FALSE,FALSE,FALSE,TRUE
28:53.9,27.92,13,29,4,0,2024,FALSE,FALSE,FALSE,TRUE,FALSE,FALSE,FALSE,TRUE
53:35.7,27.92,13,29,4,0,2024,FALSE,FALSE,FALSE,TRUE,FALSE,FALSE,FALSE,TRUE
54:24.4,32.82,13,29,4,0,2024,TRUE,FALSE,FALSE,FALSE,FALSE,FALSE,FALSE,TRUE
37:48.4,37.72,18,29,4,0,2024,FALSE,TRUE,FALSE,FALSE,FALSE,FALSE,FALSE,TRUE
12:33.2,37.72,19,29,4,0,2024,FALSE,TRUE,FALSE,FALSE,FALSE,FALSE,FALSE,TRUE
13:37.9,37.72,19,29,4,0,2024,FALSE,TRUE,FALSE,FALSE,FALSE,FALSE,FALSE,TRUE
16:41.5,37.72,10,30,4,1,2024,FALSE,FALSE,FALSE,FALSE,FALSE,FALSE,TRUE,TRUE
34:52.3,32.82,10,30,4,1,2024,TRUE,FALSE,FALSE,FALSE,FALSE,FALSE,FALSE,TRUE
35:47.6,32.82,10,30,4,1,2024,TRUE,FALSE,FALSE,FALSE,FALSE,FALSE,FALSE,TRUE
41:52.3,27.92,13,30,4,1,2024,FALSE,FALSE,FALSE,FALSE,FALSE,FALSE,FALSE,TRUE
43:00.0,32.82,13,30,4,1,2024,TRUE,FALSE,FALSE,FALSE,FALSE,FALSE,FALSE,TRUE
19:18.1,37.72,19,30,4,1,2024,FALSE,TRUE,FALSE,FALSE,FALSE,FALSE,FALSE,TRUE
30:04.0,32.82,19,30,4,1,2024,TRUE,FALSE,FALSE,FALSE,FALSE,FALSE,FALSE,TRUE
31:21.0,37.72,19,30,4,1,2024,FALSE,FALSE,FALSE,FALSE,FALSE,FALSE,TRUE,TRUE
33:55.7,27.92,10,2,5,3,2024,FALSE,FALSE,FALSE,FALSE,FALSE,FALSE,FALSE,TRUE
29:57.1,39,11,2,5,3,2024,FALSE,FALSE,FALSE,FALSE,FALSE,FALSE,TRUE,FALSE
49:39.9,32.82,13,2,5,3,2024,TRUE,FALSE,FALSE,FALSE,FALSE,FALSE,FALSE,TRUE
36:22.1,37.72,18,2,5,3,2024,FALSE,TRUE,FALSE,FALSE,FALSE,FALSE,FALSE,TRUE
41:11.2,32.82,18,2,5,3,2024,TRUE,FALSE,FALSE,FALSE,FALSE,FALSE,FALSE,TRUE
18:33.1,37.72,19,2,5,3,2024,FALSE,FALSE,FALSE,FALSE,FALSE,FALSE,TRUE,TRUE
19:56.4,37.72,19,2,5,3,2024,FALSE,TRUE,FALSE,FALSE,FALSE,FALSE,FALSE,TRUE
11:53.4,39,10,3,5,4,2024,FALSE,FALSE,FALSE,FALSE,FALSE,FALSE,TRUE,FALSE
30:00.9,37.72,14,3,5,4,2024,FALSE,FALSE,FALSE,FALSE,FALSE,FALSE,TRUE,TRUE
03:24.9,37.72,17,3,5,4,2024,FALSE,FALSE,FALSE,FALSE,FALSE,FALSE,TRUE,TRUE
05:17.9,27.92,10,6,5,0,2024,FALSE,FALSE,FALSE,FALSE,FALSE,FALSE,FALSE,TRUE
06:51.6,37.72,10,6,5,0,2024,FALSE,TRUE,FALSE,FALSE,FALSE,FALSE,FALSE,TRUE
08:05.9,32.82,10,6,5,0,2024,TRUE,FALSE,FALSE,FALSE,FALSE,FALSE,FALSE,TRUE
09:08.0,27.92,10,6,5,0,2024,FALSE,FALSE,FALSE,FALSE,FALSE,FALSE,FALSE,TRUE
39:12.6,27.92,10,6,5,0,2024,FALSE,FALSE,FALSE,TRUE,FALSE,FALSE,FALSE,TRUE
34:20.6,29,11,6,5,0,2024,FALSE,FALSE,FALSE,FALSE,FALSE,FALSE,FALSE,FALSE
18:11.0,27.92,13,6,5,0,2024,FALSE,FALSE,FALSE,TRUE,FALSE,FALSE,FALSE,TRUE
19:00.8,27.92,13,6,5,0,2024,FALSE,FALSE,FALSE,FALSE,FALSE,FALSE,FALSE,TRUE
18:13.0,37.72,19,6,5,0,2024,FALSE,TRUE,FALSE,FALSE,FALSE,FALSE,FALSE,TRUE
19:49.5,37.72,19,6,5,0,2024,FALSE,TRUE,FALSE,FALSE,FALSE,FALSE,FALSE,TRUE
44:55.6,37.72,10,7,5,1,2024,FALSE,FALSE,TRUE,FALSE,FALSE,FALSE,FALSE,TRUE
21:58.5,27.92,11,7,5,1,2024,FALSE,FALSE,FALSE,TRUE,FALSE,FALSE,FALSE,TRUE
23:34.9,27.92,13,7,5,1,2024,FALSE,FALSE,FALSE,TRUE,FALSE,FALSE,FALSE,TRUE
42:07.9,37.72,16,7,5,1,2024,FALSE,FALSE,TRUE,FALSE,FALSE,FALSE,FALSE,TRUE
55:38.8,27.92,16,7,5,1,2024,FALSE,FALSE,FALSE,FALSE,FALSE,FALSE,FALSE,TRUE
37:46.4,37.72,17,7,5,1,2024,FALSE,TRUE,FALSE,FALSE,FALSE,FALSE,FALSE,TRUE
38:48.2,37.72,17,7,5,1,2024,FALSE,FALSE,FALSE,FALSE,FALSE,FALSE,TRUE,TRUE
35:37.2,34,18,7,5,1,2024,TRUE,FALSE,FALSE,FALSE,FALSE,FALSE,FALSE,FALSE
12:12.5,37.72,19,7,5,1,2024,FALSE,TRUE,FALSE,FALSE,FALSE,FALSE,FALSE,TRUE
13:12.2,37.72,19,7,5,1,2024,FALSE,TRUE,FALSE,FALSE,FALSE,FALSE,FALSE,TRUE
07:28.9,37.72,10,8,5,2,2024,FALSE,FALSE,FALSE,FALSE,FALSE,FALSE,TRUE,TRUE
54:21.8,37.72,12,9,5,3,2024,FALSE,TRUE,FALSE,FALSE,FALSE,FALSE,FALSE,TRUE
03:58.6,27.92,13,9,5,3,2024,FALSE,FALSE,FALSE,FALSE,FALSE,FALSE,FALSE,TRUE
04:57.6,37.72,13,9,5,3,2024,FALSE,FALSE,FALSE,FALSE,FALSE,FALSE,TRUE,TRUE
06:11.3,37.72,13,9,5,3,2024,FALSE,FALSE,FALSE,FALSE,FALSE,FALSE,TRUE,TRUE
07:16.4,37.72,13,9,5,3,2024,FALSE,FALSE,FALSE,FALSE,FALSE,FALSE,TRUE,TRUE
55:14.6,27.92,16,9,5,3,2024,FALSE,FALSE,FALSE,FALSE,FALSE,FALSE,FALSE,TRUE
56:15.0,27.92,16,9,5,3,2024,FALSE,FALSE,FALSE,FALSE,FALSE,FALSE,FALSE,TRUE
01:29.9,27.92,18,9,5,3,2024,FALSE,FALSE,FALSE,FALSE,FALSE,FALSE,FALSE,TRUE
13:56.2,32.82,18,9,5,3,2024,TRUE,FALSE,FALSE,FALSE,FALSE,FALSE,FALSE,TRUE
09:22.0,39,10,10,5,4,2024,FALSE,FALSE,FALSE,FALSE,FALSE,FALSE,TRUE,FALSE
46:21.5,37.72,15,10,5,4,2024,FALSE,FALSE,FALSE,FALSE,FALSE,FALSE,TRUE,TRUE
47:32.5,37.72,15,10,5,4,2024,FALSE,FALSE,FALSE,FALSE,FALSE,FALSE,TRUE,TRUE
20:15.1,34,16,10,5,4,2024,TRUE,FALSE,FALSE,FALSE,FALSE,FALSE,FALSE,FALSE
39:52.9,37.72,11,11,5,5,2024,FALSE,FALSE,FALSE,FALSE,FALSE,FALSE,TRUE,TRUE
02:43.6,39,17,11,5,5,2024,FALSE,FALSE,FALSE,FALSE,FALSE,FALSE,TRUE,FALSE
20:30.4,32.82,17,11,5,5,2024,TRUE,FALSE,FALSE,FALSE,FALSE,FALSE,FALSE,TRUE
21:56.1,37.72,17,11,5,5,2024,FALSE,FALSE,TRUE,FALSE,FALSE,FALSE,FALSE,TRUE
23:57.3,37.72,17,11,5,5,2024,FALSE,TRUE,FALSE,FALSE,FALSE,FALSE,FALSE,TRUE
28:54.1,32.82,17,11,5,5,2024,TRUE,FALSE,FALSE,FALSE,FALSE,FALSE,FALSE,TRUE
35:40.3,37.72,18,11,5,5,2024,FALSE,TRUE,FALSE,FALSE,FALSE,FALSE,FALSE,TRUE
38:16.1,37.72,19,11,5,5,2024,FALSE,FALSE,FALSE,FALSE,FALSE,FALSE,TRUE,TRUE
20:42.5,37.72,10,12,5,6,2024,FALSE,FALSE,FALSE,FALSE,FALSE,FALSE,TRUE,TRUE
24:03.5,37.72,13,12,5,6,2024,FALSE,FALSE,FALSE,FALSE,FALSE,FALSE,TRUE,TRUE
27:39.0,27.92,13,12,5,6,2024,FALSE,FALSE,FALSE,FALSE,FALSE,FALSE,FALSE,TRUE
16:19.8,37.72,15,12,5,6,2024,FALSE,FALSE,FALSE,FALSE,FALSE,FALSE,TRUE,TRUE
38:02.4,32.82,15,12,5,6,2024,TRUE,FALSE,FALSE,FALSE,FALSE,FALSE,FALSE,TRUE
52:14.9,32.82,15,12,5,6,2024,TRUE,FALSE,FALSE,FALSE,FALSE,FALSE,FALSE,TRUE
04:21.1,32.82,16,12,5,6,2024,TRUE,FALSE,FALSE,FALSE,FALSE,FALSE,FALSE,TRUE
41:30.6,32.82,19,12,5,6,2024,TRUE,FALSE,FALSE,FALSE,FALSE,FALSE,FALSE,TRUE
03:53.3,32.82,11,13,5,0,2024,TRUE,FALSE,FALSE,FALSE,FALSE,FALSE,FALSE,TRUE
31:10.8,29,15,13,5,0,2024,FALSE,FALSE,FALSE,FALSE,FALSE,FALSE,FALSE,FALSE
31:50.9,29,15,13,5,0,2024,FALSE,FALSE,FALSE,FALSE,FALSE,FALSE,FALSE,FALSE
38:14.6,27.92,8,14,5,1,2024,FALSE,FALSE,FALSE,FALSE,FALSE,FALSE,FALSE,TRUE
39:25.5,27.92,8,14,5,1,2024,FALSE,FALSE,FALSE,FALSE,FALSE,FALSE,FALSE,TRUE
40:17.5,27.92,8,14,5,1,2024,FALSE,FALSE,FALSE,FALSE,FALSE,FALSE,FALSE,TRUE
19:23.2,37.72,10,14,5,1,2024,FALSE,TRUE,FALSE,FALSE,FALSE,FALSE,FALSE,TRUE
32:29.4,37.72,11,14,5,1,2024,FALSE,FALSE,FALSE,FALSE,FALSE,FALSE,TRUE,TRUE
34:12.9,37.72,11,14,5,1,2024,FALSE,TRUE,FALSE,FALSE,FALSE,FALSE,FALSE,TRUE
04:54.6,37.72,14,14,5,1,2024,FALSE,TRUE,FALSE,FALSE,FALSE,FALSE,FALSE,TRUE
06:00.4,32.82,14,14,5,1,2024,TRUE,FALSE,FALSE,FALSE,FALSE,FALSE,FALSE,TRUE
01:54.8,27.92,15,14,5,1,2024,FALSE,FALSE,FALSE,FALSE,FALSE,FALSE,FALSE,TRUE
57:57.2,32.82,16,14,5,1,2024,TRUE,FALSE,FALSE,FALSE,FALSE,FALSE,FALSE,TRUE
59:10.2,37.72,16,14,5,1,2024,FALSE,TRUE,FALSE,FALSE,FALSE,FALSE,FALSE,TRUE
51:25.2,37.72,22,14,5,1,2024,FALSE,FALSE,FALSE,FALSE,FALSE,TRUE,FALSE,TRUE
40:05.7,37.72,8,15,5,2,2024,FALSE,FALSE,FALSE,FALSE,FALSE,FALSE,TRUE,TRUE
14:19.4,23.02,11,15,5,2,2024,FALSE,FALSE,FALSE,FALSE,TRUE,FALSE,FALSE,TRUE
19:10.0,27.92,11,15,5,2,2024,FALSE,FALSE,FALSE,FALSE,FALSE,FALSE,FALSE,TRUE
34:35.1,27.92,13,15,5,2,2024,FALSE,FALSE,FALSE,FALSE,FALSE,FALSE,FALSE,TRUE
35:29.2,27.92,13,15,5,2,2024,FALSE,FALSE,FALSE,FALSE,FALSE,FALSE,FALSE,TRUE
36:27.3,27.92,13,15,5,2,2024,FALSE,FALSE,FALSE,FALSE,FALSE,FALSE,FALSE,TRUE
55:29.0,32.82,13,15,5,2,2024,TRUE,FALSE,FALSE,FALSE,FALSE,FALSE,FALSE,TRUE
38:10.8,29,14,15,5,2,2024,FALSE,FALSE,FALSE,FALSE,FALSE,FALSE,FALSE,FALSE
38:52.3,27.92,14,15,5,2,2024,FALSE,FALSE,FALSE,TRUE,FALSE,FALSE,FALSE,TRUE
39:44.4,27.92,14,15,5,2,2024,FALSE,FALSE,FALSE,TRUE,FALSE,FALSE,FALSE,TRUE
28:58.6,23.02,17,15,5,2,2024,FALSE,FALSE,FALSE,FALSE,TRUE,FALSE,FALSE,TRUE
20:34.8,37.72,20,15,5,2,2024,FALSE,TRUE,FALSE,FALSE,FALSE,FALSE,FALSE,TRUE
38:42.5,32.82,10,16,5,3,2024,TRUE,FALSE,FALSE,FALSE,FALSE,FALSE,FALSE,TRUE
39:49.4,32.82,10,16,5,3,2024,TRUE,FALSE,FALSE,FALSE,FALSE,FALSE,FALSE,TRUE
42:50.3,39,11,16,5,3,2024,FALSE,FALSE,FALSE,FALSE,FALSE,FALSE,TRUE,FALSE
44:20.8,39,11,16,5,3,2024,FALSE,TRUE,FALSE,FALSE,FALSE,FALSE,FALSE,FALSE
14:00.1,32.82,12,16,5,3,2024,TRUE,FALSE,FALSE,FALSE,FALSE,FALSE,FALSE,TRUE
15:16.3,37.72,15,16,5,3,2024,FALSE,FALSE,FALSE,FALSE,FALSE,TRUE,FALSE,TRUE
44:31.5,37.72,17,16,5,3,2024,FALSE,FALSE,FALSE,FALSE,FALSE,FALSE,TRUE,TRUE
12:56.9,37.72,18,16,5,3,2024,FALSE,FALSE,FALSE,FALSE,FALSE,TRUE,FALSE,TRUE
13:58.2,37.72,18,16,5,3,2024,FALSE,FALSE,FALSE,FALSE,FALSE,FALSE,TRUE,TRUE
00:48.5,27.92,9,17,5,4,2024,FALSE,FALSE,FALSE,FALSE,FALSE,FALSE,FALSE,TRUE
30:27.6,32.82,11,17,5,4,2024,TRUE,FALSE,FALSE,FALSE,FALSE,FALSE,FALSE,TRUE
58:03.1,34,14,17,5,4,2024,TRUE,FALSE,FALSE,FALSE,FALSE,FALSE,FALSE,FALSE
55:18.5,32.82,19,17,5,4,2024,TRUE,FALSE,FALSE,FALSE,FALSE,FALSE,FALSE,TRUE
56:46.8,37.72,19,17,5,4,2024,FALSE,TRUE,FALSE,FALSE,FALSE,FALSE,FALSE,TRUE
37:52.9,37.72,20,17,5,4,2024,FALSE,TRUE,FALSE,FALSE,FALSE,FALSE,FALSE,TRUE
34:50.8,27.92,22,17,5,4,2024,FALSE,FALSE,FALSE,FALSE,FALSE,FALSE,FALSE,TRUE
36:33.4,37.72,22,17,5,4,2024,FALSE,FALSE,FALSE,FALSE,FALSE,FALSE,TRUE,TRUE
37:42.8,37.72,22,17,5,4,2024,FALSE,FALSE,FALSE,FALSE,FALSE,FALSE,TRUE,TRUE
01:37.9,37.72,8,18,5,5,2024,FALSE,TRUE,FALSE,FALSE,FALSE,FALSE,FALSE,TRUE
02:40.0,37.72,8,18,5,5,2024,FALSE,TRUE,FALSE,FALSE,FALSE,FALSE,FALSE,TRUE
15:56.1,32.82,11,18,5,5,2024,TRUE,FALSE,FALSE,FALSE,FALSE,FALSE,FALSE,TRUE
48:29.4,32.82,16,18,5,5,2024,TRUE,FALSE,FALSE,FALSE,FALSE,FALSE,FALSE,TRUE
49:27.1,32.82,16,18,5,5,2024,TRUE,FALSE,FALSE,FALSE,FALSE,FALSE,FALSE,TRUE
58:44.2,32.82,19,18,5,5,2024,TRUE,FALSE,FALSE,FALSE,FALSE,FALSE,FALSE,TRUE
22:53.1,37.72,20,18,5,5,2024,FALSE,FALSE,FALSE,FALSE,FALSE,FALSE,TRUE,TRUE
05:27.5,39,22,18,5,5,2024,FALSE,TRUE,FALSE,FALSE,FALSE,FALSE,FALSE,FALSE
58:38.3,27.92,7,19,5,6,2024,FALSE,FALSE,FALSE,FALSE,FALSE,FALSE,FALSE,TRUE
59:33.5,27.92,7,19,5,6,2024,FALSE,FALSE,FALSE,FALSE,FALSE,FALSE,FALSE,TRUE
00:35.1,37.72,8,19,5,6,2024,FALSE,TRUE,FALSE,FALSE,FALSE,FALSE,FALSE,TRUE
28:49.7,24,9,19,5,6,2024,FALSE,FALSE,FALSE,FALSE,TRUE,FALSE,FALSE,FALSE
14:26.7,32.82,12,19,5,6,2024,TRUE,FALSE,FALSE,FALSE,FALSE,FALSE,FALSE,TRUE
43:40.0,27.92,14,19,5,6,2024,FALSE,FALSE,FALSE,FALSE,FALSE,FALSE,FALSE,TRUE
58:58.2,32.82,15,19,5,6,2024,TRUE,FALSE,FALSE,FALSE,FALSE,FALSE,FALSE,TRUE
12:36.3,32.82,18,19,5,6,2024,TRUE,FALSE,FALSE,FALSE,FALSE,FALSE,FALSE,TRUE
13:47.8,23.02,18,19,5,6,2024,FALSE,FALSE,FALSE,FALSE,TRUE,FALSE,FALSE,TRUE
16:30.0,37.72,18,19,5,6,2024,FALSE,FALSE,FALSE,FALSE,FALSE,TRUE,FALSE,TRUE
51:07.0,37.72,19,19,5,6,2024,FALSE,TRUE,FALSE,FALSE,FALSE,FALSE,FALSE,TRUE
15:41.8,37.72,21,19,5,6,2024,FALSE,TRUE,FALSE,FALSE,FALSE,FALSE,FALSE,TRUE
18:36.1,37.72,21,19,5,6,2024,FALSE,TRUE,FALSE,FALSE,FALSE,FALSE,FALSE,TRUE
05:59.2,32.82,10,20,5,0,2024,TRUE,FALSE,FALSE,FALSE,FALSE,FALSE,FALSE,TRUE
17:51.9,37.72,10,20,5,0,2024,FALSE,FALSE,FALSE,FALSE,FALSE,FALSE,TRUE,TRUE
58:48.4,37.72,10,20,5,0,2024,FALSE,FALSE,FALSE,FALSE,FALSE,FALSE,TRUE,TRUE
15:16.4,27.92,11,20,5,0,2024,FALSE,FALSE,FALSE,FALSE,FALSE,FALSE,FALSE,TRUE
16:19.6,27.92,11,20,5,0,2024,FALSE,FALSE,FALSE,FALSE,FALSE,FALSE,FALSE,TRUE
27:13.4,27.92,13,20,5,0,2024,FALSE,FALSE,FALSE,FALSE,FALSE,FALSE,FALSE,TRUE
28:10.4,27.92,13,20,5,0,2024,FALSE,FALSE,FALSE,FALSE,FALSE,FALSE,FALSE,TRUE
13:19.0,32.82,14,20,5,0,2024,TRUE,FALSE,FALSE,FALSE,FALSE,FALSE,FALSE,TRUE
14:31.4,37.72,14,20,5,0,2024,FALSE,TRUE,FALSE,FALSE,FALSE,FALSE,FALSE,TRUE
32:21.3,29,14,20,5,0,2024,FALSE,FALSE,FALSE,FALSE,FALSE,FALSE,FALSE,FALSE
12:51.1,37.72,17,20,5,0,2024,FALSE,FALSE,FALSE,FALSE,FALSE,FALSE,TRUE,TRUE
13:56.9,37.72,17,20,5,0,2024,FALSE,FALSE,FALSE,FALSE,FALSE,FALSE,TRUE,TRUE
36:48.3,32.82,20,20,5,0,2024,TRUE,FALSE,FALSE,FALSE,FALSE,FALSE,FALSE,TRUE
37:57.3,37.72,20,20,5,0,2024,FALSE,FALSE,TRUE,FALSE,FALSE,FALSE,FALSE,TRUE
46:52.1,27.92,20,20,5,0,2024,FALSE,FALSE,FALSE,TRUE,FALSE,FALSE,FALSE,TRUE
36:54.0,32.82,21,20,5,0,2024,TRUE,FALSE,FALSE,FALSE,FALSE,FALSE,FALSE,TRUE
37:57.8,32.82,21,20,5,0,2024,TRUE,FALSE,FALSE,FALSE,FALSE,FALSE,FALSE,TRUE
27:38.2,37.72,8,21,5,1,2024,FALSE,FALSE,FALSE,FALSE,FALSE,FALSE,TRUE,TRUE
43:50.7,29,9,21,5,1,2024,FALSE,FALSE,FALSE,FALSE,FALSE,FALSE,FALSE,FALSE
44:40.3,34,9,21,5,1,2024,TRUE,FALSE,FALSE,FALSE,FALSE,FALSE,FALSE,FALSE
46:09.4,39,9,21,5,1,2024,FALSE,FALSE,TRUE,FALSE,FALSE,FALSE,FALSE,FALSE
05:08.0,39,10,21,5,1,2024,FALSE,FALSE,FALSE,FALSE,FALSE,FALSE,TRUE,FALSE
10:20.0,37.72,16,21,5,1,2024,FALSE,FALSE,FALSE,FALSE,FALSE,FALSE,TRUE,TRUE
13:24.0,23.02,18,21,5,1,2024,FALSE,FALSE,FALSE,FALSE,TRUE,FALSE,FALSE,TRUE
11:09.2,37.72,19,21,5,1,2024,FALSE,TRUE,FALSE,FALSE,FALSE,FALSE,FALSE,TRUE
13:48.4,37.72,20,21,5,1,2024,FALSE,TRUE,FALSE,FALSE,FALSE,FALSE,FALSE,TRUE
34:41.8,37.72,9,22,5,2,2024,FALSE,TRUE,FALSE,FALSE,FALSE,FALSE,FALSE,TRUE
49:47.0,32.82,10,22,5,2,2024,TRUE,FALSE,FALSE,FALSE,FALSE,FALSE,FALSE,TRUE
18:14.3,27.92,11,22,5,2,2024,FALSE,FALSE,FALSE,TRUE,FALSE,FALSE,FALSE,TRUE
34:55.0,32.82,11,22,5,2,2024,TRUE,FALSE,FALSE,FALSE,FALSE,FALSE,FALSE,TRUE
29:50.8,27.92,12,22,5,2,2024,FALSE,FALSE,FALSE,FALSE,FALSE,FALSE,FALSE,TRUE
30:43.3,27.92,12,22,5,2,2024,FALSE,FALSE,FALSE,FALSE,FALSE,FALSE,FALSE,TRUE
00:20.5,32.82,14,22,5,2,2024,TRUE,FALSE,FALSE,FALSE,FALSE,FALSE,FALSE,TRUE
24:58.1,37.72,19,22,5,2,2024,FALSE,TRUE,FALSE,FALSE,FALSE,FALSE,FALSE,TRUE
25:58.6,37.72,19,22,5,2,2024,FALSE,TRUE,FALSE,FALSE,FALSE,FALSE,FALSE,TRUE
23:53.0,37.72,21,22,5,2,2024,FALSE,FALSE,FALSE,FALSE,FALSE,TRUE,FALSE,TRUE
24:49.6,37.72,21,22,5,2,2024,FALSE,TRUE,FALSE,FALSE,FALSE,FALSE,FALSE,TRUE
10:19.6,37.72,10,23,5,3,2024,FALSE,TRUE,FALSE,FALSE,FALSE,FALSE,FALSE,TRUE
22:06.6,23.02,12,23,5,3,2024,FALSE,FALSE,FALSE,FALSE,TRUE,FALSE,FALSE,TRUE
55:16.6,37.72,15,23,5,3,2024,FALSE,TRUE,FALSE,FALSE,FALSE,FALSE,FALSE,TRUE
56:27.2,37.72,15,23,5,3,2024,FALSE,TRUE,FALSE,FALSE,FALSE,FALSE,FALSE,TRUE
18:14.1,37.72,16,23,5,3,2024,FALSE,TRUE,FALSE,FALSE,FALSE,FALSE,FALSE,TRUE
41:00.0,37.72,16,23,5,3,2024,FALSE,FALSE,FALSE,FALSE,FALSE,FALSE,TRUE,TRUE
14:33.2,37.72,17,23,5,3,2024,FALSE,TRUE,FALSE,FALSE,FALSE,FALSE,FALSE,TRUE
15:44.9,37.72,17,23,5,3,2024,FALSE,FALSE,FALSE,FALSE,FALSE,FALSE,TRUE,TRUE
03:53.9,27.92,19,23,5,3,2024,FALSE,FALSE,FALSE,TRUE,FALSE,FALSE,FALSE,TRUE
17:28.4,37.72,19,23,5,3,2024,FALSE,TRUE,FALSE,FALSE,FALSE,FALSE,FALSE,TRUE
18:26.4,37.72,19,23,5,3,2024,FALSE,TRUE,FALSE,FALSE,FALSE,FALSE,FALSE,TRUE
42:31.5,37.72,19,23,5,3,2024,FALSE,TRUE,FALSE,FALSE,FALSE,FALSE,FALSE,TRUE
15:01.4,37.72,20,23,5,3,2024,FALSE,TRUE,FALSE,FALSE,FALSE,FALSE,FALSE,TRUE
16:24.2,37.72,20,23,5,3,2024,FALSE,FALSE,FALSE,FALSE,FALSE,FALSE,TRUE,TRUE
48:10.8,32.82,22,23,5,3,2024,TRUE,FALSE,FALSE,FALSE,FALSE,FALSE,FALSE,TRUE
55:36.9,39,22,23,5,3,2024,FALSE,FALSE,FALSE,FALSE,FALSE,TRUE,FALSE,FALSE
11:59.2,27.92,11,24,5,4,2024,FALSE,FALSE,FALSE,TRUE,FALSE,FALSE,FALSE,TRUE
15:08.3,27.92,11,24,5,4,2024,FALSE,FALSE,FALSE,FALSE,FALSE,FALSE,FALSE,TRUE
16:13.0,27.92,11,24,5,4,2024,FALSE,FALSE,FALSE,FALSE,FALSE,FALSE,FALSE,TRUE
07:19.8,37.72,16,24,5,4,2024,FALSE,FALSE,FALSE,FALSE,FALSE,TRUE,FALSE,TRUE
17:40.3,27.92,18,24,5,4,2024,FALSE,FALSE,FALSE,TRUE,FALSE,FALSE,FALSE,TRUE
18:36.7,27.92,18,24,5,4,2024,FALSE,FALSE,FALSE,TRUE,FALSE,FALSE,FALSE,TRUE
30:40.2,32.82,22,24,5,4,2024,TRUE,FALSE,FALSE,FALSE,FALSE,FALSE,FALSE,TRUE
40:58.8,29,7,25,5,5,2024,FALSE,FALSE,FALSE,FALSE,FALSE,FALSE,FALSE,FALSE
13:53.4,37.72,12,25,5,5,2024,FALSE,FALSE,FALSE,FALSE,FALSE,FALSE,TRUE,TRUE
40:23.6,29,12,25,5,5,2024,FALSE,FALSE,FALSE,FALSE,FALSE,FALSE,FALSE,FALSE
42:10.3,32.82,12,25,5,5,2024,TRUE,FALSE,FALSE,FALSE,FALSE,FALSE,FALSE,TRUE
43:13.3,32.82,12,25,5,5,2024,TRUE,FALSE,FALSE,FALSE,FALSE,FALSE,FALSE,TRUE
58:12.0,32.82,12,25,5,5,2024,TRUE,FALSE,FALSE,FALSE,FALSE,FALSE,FALSE,TRUE
47:09.6,32.82,16,25,5,5,2024,TRUE,FALSE,FALSE,FALSE,FALSE,FALSE,FALSE,TRUE
48:16.8,27.92,16,25,5,5,2024,FALSE,FALSE,FALSE,FALSE,FALSE,FALSE,FALSE,TRUE
20:02.2,37.72,10,26,5,6,2024,FALSE,FALSE,FALSE,FALSE,FALSE,FALSE,TRUE,TRUE
24:49.8,32.82,14,26,5,6,2024,TRUE,FALSE,FALSE,FALSE,FALSE,FALSE,FALSE,TRUE
26:05.2,27.92,14,26,5,6,2024,FALSE,FALSE,FALSE,TRUE,FALSE,FALSE,FALSE,TRUE
40:58.9,32.82,14,26,5,6,2024,TRUE,FALSE,FALSE,FALSE,FALSE,FALSE,FALSE,TRUE
19:15.5,37.72,17,26,5,6,2024,FALSE,TRUE,FALSE,FALSE,FALSE,FALSE,FALSE,TRUE
09:52.8,37.72,18,26,5,6,2024,FALSE,FALSE,FALSE,FALSE,FALSE,TRUE,FALSE,TRUE
11:02.2,37.72,18,26,5,6,2024,FALSE,FALSE,FALSE,FALSE,FALSE,TRUE,FALSE,TRUE
13:14.3,27.92,18,26,5,6,2024,FALSE,FALSE,FALSE,FALSE,FALSE,FALSE,FALSE,TRUE
39:18.8,37.72,18,26,5,6,2024,FALSE,FALSE,FALSE,FALSE,FALSE,FALSE,TRUE,TRUE
59:15.0,37.72,20,26,5,6,2024,FALSE,FALSE,FALSE,FALSE,FALSE,TRUE,FALSE,TRUE
00:05.6,37.72,21,26,5,6,2024,FALSE,TRUE,FALSE,FALSE,FALSE,FALSE,FALSE,TRUE
02:36.9,27.92,21,26,5,6,2024,FALSE,FALSE,FALSE,TRUE,FALSE,FALSE,FALSE,TRUE
03:51.8,37.72,21,26,5,6,2024,FALSE,TRUE,FALSE,FALSE,FALSE,FALSE,FALSE,TRUE
04:58.8,37.72,21,26,5,6,2024,FALSE,FALSE,FALSE,FALSE,FALSE,FALSE,TRUE,TRUE
06:02.6,37.72,21,26,5,6,2024,FALSE,TRUE,FALSE,FALSE,FALSE,FALSE,FALSE,TRUE
34:55.3,27.92,11,27,5,0,2024,FALSE,FALSE,FALSE,FALSE,FALSE,FALSE,FALSE,TRUE
05:21.7,32.82,14,27,5,0,2024,TRUE,FALSE,FALSE,FALSE,FALSE,FALSE,FALSE,TRUE
06:43.6,37.72,14,27,5,0,2024,FALSE,FALSE,TRUE,FALSE,FALSE,FALSE,FALSE,TRUE
11:34.1,27.92,15,27,5,0,2024,FALSE,FALSE,FALSE,FALSE,FALSE,FALSE,FALSE,TRUE
14:05.8,27.92,15,27,5,0,2024,FALSE,FALSE,FALSE,FALSE,FALSE,FALSE,FALSE,TRUE
50:55.8,37.72,17,27,5,0,2024,FALSE,FALSE,FALSE,FALSE,FALSE,FALSE,TRUE,TRUE
00:51.0,27.92,18,27,5,0,2024,FALSE,FALSE,FALSE,FALSE,FALSE,FALSE,FALSE,TRUE
16:27.4,37.72,19,27,5,0,2024,FALSE,FALSE,FALSE,FALSE,FALSE,FALSE,TRUE,TRUE
17:38.7,37.72,19,27,5,0,2024,FALSE,FALSE,FALSE,FALSE,FALSE,FALSE,TRUE,TRUE
29:07.1,32.82,21,27,5,0,2024,TRUE,FALSE,FALSE,FALSE,FALSE,FALSE,FALSE,TRUE
30:19.8,37.72,21,27,5,0,2024,FALSE,TRUE,FALSE,FALSE,FALSE,FALSE,FALSE,TRUE
37:09.0,32.82,8,28,5,1,2024,TRUE,FALSE,FALSE,FALSE,FALSE,FALSE,FALSE,TRUE
20:10.7,32.82,9,28,5,1,2024,TRUE,FALSE,FALSE,FALSE,FALSE,FALSE,FALSE,TRUE
48:18.5,37.72,11,28,5,1,2024,FALSE,TRUE,FALSE,FALSE,FALSE,FALSE,FALSE,TRUE
14:40.4,37.72,13,28,5,1,2024,FALSE,TRUE,FALSE,FALSE,FALSE,FALSE,FALSE,TRUE
10:53.7,37.72,14,28,5,1,2024,FALSE,FALSE,TRUE,FALSE,FALSE,FALSE,FALSE,TRUE
25:39.3,27.92,16,28,5,1,2024,FALSE,FALSE,FALSE,TRUE,FALSE,FALSE,FALSE,TRUE
21:44.0,39,17,28,5,1,2024,FALSE,TRUE,FALSE,FALSE,FALSE,FALSE,FALSE,FALSE
09:29.1,27.92,19,28,5,1,2024,FALSE,FALSE,FALSE,FALSE,FALSE,FALSE,FALSE,TRUE
10:31.1,37.72,19,28,5,1,2024,FALSE,FALSE,FALSE,FALSE,FALSE,FALSE,TRUE,TRUE
24:32.2,32.82,20,28,5,1,2024,TRUE,FALSE,FALSE,FALSE,FALSE,FALSE,FALSE,TRUE
50:19.4,27.92,20,28,5,1,2024,FALSE,FALSE,FALSE,FALSE,FALSE,FALSE,FALSE,TRUE
14:43.7,37.72,9,29,5,2,2024,FALSE,FALSE,FALSE,FALSE,FALSE,FALSE,TRUE,TRUE
48:46.8,39,10,29,5,2,2024,FALSE,FALSE,FALSE,FALSE,FALSE,FALSE,TRUE,FALSE
14:02.9,37.72,11,29,5,2,2024,FALSE,FALSE,FALSE,FALSE,FALSE,TRUE,FALSE,TRUE
10:48.5,27.92,15,29,5,2,2024,FALSE,FALSE,FALSE,FALSE,FALSE,FALSE,FALSE,TRUE
22:56.3,37.72,15,29,5,2,2024,FALSE,FALSE,FALSE,FALSE,FALSE,FALSE,TRUE,TRUE
45:12.7,37.72,15,29,5,2,2024,FALSE,TRUE,FALSE,FALSE,FALSE,FALSE,FALSE,TRUE
45:03.9,37.72,16,29,5,2,2024,FALSE,FALSE,FALSE,FALSE,FALSE,FALSE,TRUE,TRUE
24:03.3,27.92,18,29,5,2,2024,FALSE,FALSE,FALSE,TRUE,FALSE,FALSE,FALSE,TRUE
24:59.3,37.72,18,29,5,2,2024,FALSE,FALSE,FALSE,FALSE,FALSE,FALSE,TRUE,TRUE
30:42.2,37.72,20,29,5,2,2024,FALSE,FALSE,FALSE,FALSE,FALSE,TRUE,FALSE,TRUE
32:35.2,37.72,20,29,5,2,2024,FALSE,FALSE,TRUE,FALSE,FALSE,FALSE,FALSE,TRUE
29:06.3,37.72,8,30,5,3,2024,FALSE,TRUE,FALSE,FALSE,FALSE,FALSE,FALSE,TRUE
30:21.6,37.72,8,30,5,3,2024,FALSE,FALSE,FALSE,FALSE,FALSE,FALSE,TRUE,TRUE
37:05.4,32.82,8,30,5,3,2024,TRUE,FALSE,FALSE,FALSE,FALSE,FALSE,FALSE,TRUE
47:59.1,37.72,9,30,5,3,2024,FALSE,FALSE,FALSE,FALSE,FALSE,FALSE,TRUE,TRUE
56:15.5,32.82,14,30,5,3,2024,TRUE,FALSE,FALSE,FALSE,FALSE,FALSE,FALSE,TRUE
16:15.7,23.02,15,30,5,3,2024,FALSE,FALSE,FALSE,FALSE,TRUE,FALSE,FALSE,TRUE
17:38.7,23.02,15,30,5,3,2024,FALSE,FALSE,FALSE,FALSE,TRUE,FALSE,FALSE,TRUE
53:11.2,37.72,19,30,5,3,2024,FALSE,TRUE,FALSE,FALSE,FALSE,FALSE,FALSE,TRUE
31:05.4,37.72,20,30,5,3,2024,FALSE,FALSE,FALSE,FALSE,FALSE,FALSE,TRUE,TRUE
46:13.8,37.72,20,30,5,3,2024,FALSE,FALSE,FALSE,FALSE,FALSE,TRUE,FALSE,TRUE
47:21.6,32.82,20,30,5,3,2024,TRUE,FALSE,FALSE,FALSE,FALSE,FALSE,FALSE,TRUE
53:57.3,32.82,7,31,5,4,2024,TRUE,FALSE,FALSE,FALSE,FALSE,FALSE,FALSE,TRUE
21:07.8,37.72,9,31,5,4,2024,FALSE,FALSE,FALSE,FALSE,FALSE,FALSE,TRUE,TRUE
23:58.8,39,9,31,5,4,2024,FALSE,FALSE,FALSE,FALSE,FALSE,FALSE,TRUE,FALSE
38:07.9,37.72,10,31,5,4,2024,FALSE,FALSE,FALSE,FALSE,FALSE,TRUE,FALSE,TRUE
39:06.1,37.72,10,31,5,4,2024,FALSE,FALSE,TRUE,FALSE,FALSE,FALSE,FALSE,TRUE
50:13.0,32.82,14,31,5,4,2024,TRUE,FALSE,FALSE,FALSE,FALSE,FALSE,FALSE,TRUE
23:44.6,37.72,18,31,5,4,2024,FALSE,FALSE,FALSE,FALSE,FALSE,FALSE,TRUE,TRUE
25:03.3,37.72,18,31,5,4,2024,FALSE,FALSE,FALSE,FALSE,FALSE,FALSE,TRUE,TRUE
06:39.2,37.72,20,31,5,4,2024,FALSE,TRUE,FALSE,FALSE,FALSE,FALSE,FALSE,TRUE
33:06.4,32.82,20,31,5,4,2024,TRUE,FALSE,FALSE,FALSE,FALSE,FALSE,FALSE,TRUE
34:32.9,37.72,20,31,5,4,2024,FALSE,FALSE,FALSE,FALSE,FALSE,FALSE,TRUE,TRUE
05:47.1,37.72,22,31,5,4,2024,FALSE,TRUE,FALSE,FALSE,FALSE,FALSE,FALSE,TRUE
06:52.5,32.82,22,31,5,4,2024,TRUE,FALSE,FALSE,FALSE,FALSE,FALSE,FALSE,TRUE
07:55.4,27.92,22,31,5,4,2024,FALSE,FALSE,FALSE,TRUE,FALSE,FALSE,FALSE,TRUE
27:01.7,27.92,8,1,6,5,2024,FALSE,FALSE,FALSE,TRUE,FALSE,FALSE,FALSE,TRUE
48:24.8,37.72,9,1,6,5,2024,FALSE,FALSE,FALSE,FALSE,FALSE,FALSE,TRUE,TRUE
38:09.4,37.72,11,1,6,5,2024,FALSE,FALSE,FALSE,FALSE,FALSE,FALSE,TRUE,TRUE
28:53.7,32.82,14,1,6,5,2024,TRUE,FALSE,FALSE,FALSE,FALSE,FALSE,FALSE,TRUE
20:12.8,32.82,18,1,6,5,2024,TRUE,FALSE,FALSE,FALSE,FALSE,FALSE,FALSE,TRUE
21:15.4,32.82,18,1,6,5,2024,TRUE,FALSE,FALSE,FALSE,FALSE,FALSE,FALSE,TRUE
50:10.5,37.72,20,1,6,5,2024,FALSE,TRUE,FALSE,FALSE,FALSE,FALSE,FALSE,TRUE
51:13.6,37.72,20,1,6,5,2024,FALSE,TRUE,FALSE,FALSE,FALSE,FALSE,FALSE,TRUE
54:59.3,39,20,1,6,5,2024,FALSE,FALSE,TRUE,FALSE,FALSE,FALSE,FALSE,FALSE
59:09.7,37.72,20,1,6,5,2024,FALSE,FALSE,TRUE,FALSE,FALSE,FALSE,FALSE,TRUE
51:05.0,32.82,21,1,6,5,2024,TRUE,FALSE,FALSE,FALSE,FALSE,FALSE,FALSE,TRUE
03:25.8,37.72,20,2,6,6,2024,FALSE,FALSE,FALSE,FALSE,FALSE,FALSE,TRUE,TRUE
24:02.4,32.82,20,2,6,6,2024,TRUE,FALSE,FALSE,FALSE,FALSE,FALSE,FALSE,TRUE
25:07.2,37.72,20,2,6,6,2024,FALSE,TRUE,FALSE,FALSE,FALSE,FALSE,FALSE,TRUE
07:20.5,32.82,21,2,6,6,2024,TRUE,FALSE,FALSE,FALSE,FALSE,FALSE,FALSE,TRUE
30:12.4,37.72,21,2,6,6,2024,FALSE,FALSE,FALSE,FALSE,FALSE,FALSE,TRUE,TRUE
43:10.6,34,22,2,6,6,2024,TRUE,FALSE,FALSE,FALSE,FALSE,FALSE,FALSE,FALSE
12:04.1,37.72,10,3,6,0,2024,FALSE,FALSE,FALSE,FALSE,FALSE,FALSE,TRUE,TRUE
27:49.8,37.72,10,3,6,0,2024,FALSE,FALSE,FALSE,FALSE,FALSE,FALSE,TRUE,TRUE
31:42.3,37.72,14,3,6,0,2024,FALSE,TRUE,FALSE,FALSE,FALSE,FALSE,FALSE,TRUE
33:01.0,32.82,14,3,6,0,2024,TRUE,FALSE,FALSE,FALSE,FALSE,FALSE,FALSE,TRUE
34:06.9,37.72,14,3,6,0,2024,FALSE,FALSE,FALSE,FALSE,FALSE,FALSE,TRUE,TRUE
42:51.7,34,21,3,6,0,2024,TRUE,FALSE,FALSE,FALSE,FALSE,FALSE,FALSE,FALSE
43:37.5,34,21,3,6,0,2024,TRUE,FALSE,FALSE,FALSE,FALSE,FALSE,FALSE,FALSE
23:42.9,27.92,9,4,6,1,2024,FALSE,FALSE,FALSE,TRUE,FALSE,FALSE,FALSE,TRUE
27:14.0,32.82,10,4,6,1,2024,TRUE,FALSE,FALSE,FALSE,FALSE,FALSE,FALSE,TRUE
02:10.2,37.72,12,4,6,1,2024,FALSE,FALSE,FALSE,FALSE,FALSE,FALSE,TRUE,TRUE
05:29.2,37.72,12,4,6,1,2024,FALSE,FALSE,FALSE,FALSE,FALSE,TRUE,FALSE,TRUE
30:32.5,37.72,15,4,6,1,2024,FALSE,FALSE,FALSE,FALSE,FALSE,FALSE,TRUE,TRUE
46:36.7,27.92,17,4,6,1,2024,FALSE,FALSE,FALSE,TRUE,FALSE,FALSE,FALSE,TRUE
47:28.8,37.72,17,4,6,1,2024,FALSE,TRUE,FALSE,FALSE,FALSE,FALSE,FALSE,TRUE
13:01.2,37.72,20,4,6,1,2024,FALSE,FALSE,FALSE,FALSE,FALSE,TRUE,FALSE,TRUE
50:33.9,37.72,20,4,6,1,2024,FALSE,TRUE,FALSE,FALSE,FALSE,FALSE,FALSE,TRUE
31:58.9,27.92,21,4,6,1,2024,FALSE,FALSE,FALSE,TRUE,FALSE,FALSE,FALSE,TRUE
33:02.6,32.82,21,4,6,1,2024,TRUE,FALSE,FALSE,FALSE,FALSE,FALSE,FALSE,TRUE
34:55.7,32.82,21,4,6,1,2024,TRUE,FALSE,FALSE,FALSE,FALSE,FALSE,FALSE,TRUE
36:06.9,32.82,21,4,6,1,2024,TRUE,FALSE,FALSE,FALSE,FALSE,FALSE,FALSE,TRUE
37:15.2,32.82,21,4,6,1,2024,TRUE,FALSE,FALSE,FALSE,FALSE,FALSE,FALSE,TRUE
21:49.0,37.72,8,5,6,2,2024,FALSE,TRUE,FALSE,FALSE,FALSE,FALSE,FALSE,TRUE
23:06.7,37.72,8,5,6,2,2024,FALSE,TRUE,FALSE,FALSE,FALSE,FALSE,FALSE,TRUE
22:43.1,27.92,9,5,6,2,2024,FALSE,FALSE,FALSE,FALSE,FALSE,FALSE,FALSE,TRUE
28:50.6,37.72,10,5,6,2,2024,FALSE,FALSE,FALSE,FALSE,FALSE,FALSE,TRUE,TRUE
40:53.2,32.82,10,5,6,2,2024,TRUE,FALSE,FALSE,FALSE,FALSE,FALSE,FALSE,TRUE
43:57.7,32.82,19,5,6,2,2024,TRUE,FALSE,FALSE,FALSE,FALSE,FALSE,FALSE,TRUE
59:53.5,37.72,19,5,6,2,2024,FALSE,FALSE,FALSE,FALSE,FALSE,FALSE,TRUE,TRUE
10:47.6,37.72,20,5,6,2,2024,FALSE,FALSE,TRUE,FALSE,FALSE,FALSE,FALSE,TRUE
12:01.7,27.92,20,5,6,2,2024,FALSE,FALSE,FALSE,TRUE,FALSE,FALSE,FALSE,TRUE
52:56.4,32.82,8,6,6,3,2024,TRUE,FALSE,FALSE,FALSE,FALSE,FALSE,FALSE,TRUE
54:08.5,32.82,8,6,6,3,2024,TRUE,FALSE,FALSE,FALSE,FALSE,FALSE,FALSE,TRUE
36:09.7,37.72,10,6,6,3,2024,FALSE,FALSE,FALSE,FALSE,FALSE,FALSE,TRUE,TRUE
17:41.5,27.92,12,6,6,3,2024,FALSE,FALSE,FALSE,FALSE,FALSE,FALSE,FALSE,TRUE
11:14.2,32.82,15,6,6,3,2024,TRUE,FALSE,FALSE,FALSE,FALSE,FALSE,FALSE,TRUE
24:06.2,37.72,15,6,6,3,2024,FALSE,TRUE,FALSE,FALSE,FALSE,FALSE,FALSE,TRUE
14:05.1,37.72,21,6,6,3,2024,FALSE,FALSE,FALSE,FALSE,FALSE,FALSE,TRUE,TRUE
15:42.2,37.72,21,6,6,3,2024,FALSE,FALSE,FALSE,FALSE,FALSE,FALSE,TRUE,TRUE
18:26.7,37.72,21,6,6,3,2024,FALSE,TRUE,FALSE,FALSE,FALSE,FALSE,FALSE,TRUE
19:30.4,32.82,21,6,6,3,2024,TRUE,FALSE,FALSE,FALSE,FALSE,FALSE,FALSE,TRUE
21:04.4,37.72,21,6,6,3,2024,FALSE,FALSE,FALSE,FALSE,FALSE,FALSE,TRUE,TRUE
18:04.3,37.72,8,7,6,4,2024,FALSE,TRUE,FALSE,FALSE,FALSE,FALSE,FALSE,TRUE
35:28.1,23.02,10,7,6,4,2024,FALSE,FALSE,FALSE,FALSE,TRUE,FALSE,FALSE,TRUE
34:18.3,32.82,13,7,6,4,2024,TRUE,FALSE,FALSE,FALSE,FALSE,FALSE,FALSE,TRUE
45:42.2,27.92,16,7,6,4,2024,FALSE,FALSE,FALSE,TRUE,FALSE,FALSE,FALSE,TRUE
47:15.5,27.92,16,7,6,4,2024,FALSE,FALSE,FALSE,TRUE,FALSE,FALSE,FALSE,TRUE
04:20.0,27.92,9,8,6,5,2024,FALSE,FALSE,FALSE,TRUE,FALSE,FALSE,FALSE,TRUE
26:11.2,32.82,9,8,6,5,2024,TRUE,FALSE,FALSE,FALSE,FALSE,FALSE,FALSE,TRUE
24:54.3,37.72,20,8,6,5,2024,FALSE,TRUE,FALSE,FALSE,FALSE,FALSE,FALSE,TRUE
25:56.3,37.72,20,8,6,5,2024,FALSE,TRUE,FALSE,FALSE,FALSE,FALSE,FALSE,TRUE
15:52.8,37.72,8,9,6,6,2024,FALSE,FALSE,FALSE,FALSE,FALSE,FALSE,TRUE,TRUE
30:04.5,37.72,10,9,6,6,2024,FALSE,FALSE,FALSE,FALSE,FALSE,FALSE,TRUE,TRUE
52:05.8,37.72,10,9,6,6,2024,FALSE,TRUE,FALSE,FALSE,FALSE,FALSE,FALSE,TRUE
04:41.3,27.92,11,9,6,6,2024,FALSE,FALSE,FALSE,TRUE,FALSE,FALSE,FALSE,TRUE
07:08.1,23.02,11,9,6,6,2024,FALSE,FALSE,FALSE,FALSE,TRUE,FALSE,FALSE,TRUE
52:49.6,37.72,11,9,6,6,2024,FALSE,TRUE,FALSE,FALSE,FALSE,FALSE,FALSE,TRUE
11:23.6,32.82,12,9,6,6,2024,TRUE,FALSE,FALSE,FALSE,FALSE,FALSE,FALSE,TRUE
13:08.1,37.72,12,9,6,6,2024,FALSE,FALSE,FALSE,FALSE,FALSE,FALSE,TRUE,TRUE
14:10.8,37.72,12,9,6,6,2024,FALSE,FALSE,FALSE,FALSE,FALSE,FALSE,TRUE,TRUE
10:30.7,27.92,15,9,6,6,2024,FALSE,FALSE,FALSE,TRUE,FALSE,FALSE,FALSE,TRUE
17:28.2,37.72,16,9,6,6,2024,FALSE,TRUE,FALSE,FALSE,FALSE,FALSE,FALSE,TRUE
21:19.3,32.82,19,9,6,6,2024,TRUE,FALSE,FALSE,FALSE,FALSE,FALSE,FALSE,TRUE
05:08.8,27.92,21,9,6,6,2024,FALSE,FALSE,FALSE,FALSE,FALSE,FALSE,FALSE,TRUE
47:49.9,37.72,12,10,6,0,2024,FALSE,TRUE,FALSE,FALSE,FALSE,FALSE,FALSE,TRUE
56:48.3,37.72,12,10,6,0,2024,FALSE,FALSE,FALSE,FALSE,FALSE,FALSE,TRUE,TRUE
04:28.1,37.72,19,10,6,0,2024,FALSE,FALSE,FALSE,FALSE,FALSE,TRUE,FALSE,TRUE
05:22.8,37.72,19,10,6,0,2024,FALSE,FALSE,FALSE,FALSE,FALSE,TRUE,FALSE,TRUE
37:23.6,37.72,19,10,6,0,2024,FALSE,FALSE,FALSE,FALSE,FALSE,FALSE,TRUE,TRUE
38:19.7,37.72,19,10,6,0,2024,FALSE,FALSE,FALSE,FALSE,FALSE,FALSE,TRUE,TRUE
38:04.0,32.82,10,11,6,1,2024,TRUE,FALSE,FALSE,FALSE,FALSE,FALSE,FALSE,TRUE
48:25.3,37.72,18,11,6,1,2024,FALSE,FALSE,FALSE,FALSE,FALSE,FALSE,TRUE,TRUE
49:36.4,37.72,18,11,6,1,2024,FALSE,FALSE,FALSE,FALSE,FALSE,FALSE,TRUE,TRUE
17:03.3,37.72,21,11,6,1,2024,FALSE,FALSE,FALSE,FALSE,FALSE,TRUE,FALSE,TRUE
27:41.9,32.82,21,11,6,1,2024,TRUE,FALSE,FALSE,FALSE,FALSE,FALSE,FALSE,TRUE
28:50.2,32.82,21,11,6,1,2024,TRUE,FALSE,FALSE,FALSE,FALSE,FALSE,FALSE,TRUE
18:18.8,37.72,10,12,6,2,2024,FALSE,FALSE,FALSE,FALSE,FALSE,TRUE,FALSE,TRUE
51:43.9,37.72,11,12,6,2,2024,FALSE,TRUE,FALSE,FALSE,FALSE,FALSE,FALSE,TRUE
41:17.2,37.72,17,12,6,2,2024,FALSE,FALSE,FALSE,FALSE,FALSE,FALSE,TRUE,TRUE
47:27.9,37.72,17,12,6,2,2024,FALSE,FALSE,FALSE,FALSE,FALSE,FALSE,TRUE,TRUE
16:33.6,37.72,20,12,6,2,2024,FALSE,FALSE,FALSE,FALSE,FALSE,TRUE,FALSE,TRUE
25:34.2,32.82,20,12,6,2,2024,TRUE,FALSE,FALSE,FALSE,FALSE,FALSE,FALSE,TRUE
54:24.2,27.92,8,13,6,3,2024,FALSE,FALSE,FALSE,FALSE,FALSE,FALSE,FALSE,TRUE
57:25.6,37.72,8,13,6,3,2024,FALSE,FALSE,FALSE,FALSE,FALSE,FALSE,TRUE,TRUE
50:25.0,32.82,9,13,6,3,2024,TRUE,FALSE,FALSE,FALSE,FALSE,FALSE,FALSE,TRUE
57:11.5,27.92,9,13,6,3,2024,FALSE,FALSE,FALSE,TRUE,FALSE,FALSE,FALSE,TRUE
04:58.6,32.82,17,13,6,3,2024,TRUE,FALSE,FALSE,FALSE,FALSE,FALSE,FALSE,TRUE
27:46.6,37.72,17,13,6,3,2024,FALSE,FALSE,FALSE,FALSE,FALSE,TRUE,FALSE,TRUE
22:19.1,37.72,19,13,6,3,2024,FALSE,FALSE,FALSE,FALSE,FALSE,FALSE,TRUE,TRUE
20:51.8,32.82,20,13,6,3,2024,TRUE,FALSE,FALSE,FALSE,FALSE,FALSE,FALSE,TRUE
43:46.0,23.02,20,13,6,3,2024,FALSE,FALSE,FALSE,FALSE,TRUE,FALSE,FALSE,TRUE
45:00.6,23.02,20,13,6,3,2024,FALSE,FALSE,FALSE,FALSE,TRUE,FALSE,FALSE,TRUE
48:17.9,32.82,20,13,6,3,2024,TRUE,FALSE,FALSE,FALSE,FALSE,FALSE,FALSE,TRUE
02:28.4,32.82,21,13,6,3,2024,TRUE,FALSE,FALSE,FALSE,FALSE,FALSE,FALSE,TRUE
46:13.2,27.92,7,14,6,4,2024,FALSE,FALSE,FALSE,TRUE,FALSE,FALSE,FALSE,TRUE
30:31.6,27.92,10,14,6,4,2024,FALSE,FALSE,FALSE,FALSE,FALSE,FALSE,FALSE,TRUE
14:41.7,37.72,12,14,6,4,2024,FALSE,FALSE,FALSE,FALSE,FALSE,FALSE,TRUE,TRUE
29:53.4,32.82,18,14,6,4,2024,TRUE,FALSE,FALSE,FALSE,FALSE,FALSE,FALSE,TRUE
26:02.0,37.72,11,15,6,5,2024,FALSE,TRUE,FALSE,FALSE,FALSE,FALSE,FALSE,TRUE
21:28.1,37.72,12,15,6,5,2024,FALSE,FALSE,FALSE,FALSE,FALSE,FALSE,TRUE,TRUE
22:46.9,32.82,12,15,6,5,2024,TRUE,FALSE,FALSE,FALSE,FALSE,FALSE,FALSE,TRUE
23:52.2,23.02,12,15,6,5,2024,FALSE,FALSE,FALSE,FALSE,TRUE,FALSE,FALSE,TRUE
24:35.1,37.72,12,15,6,5,2024,FALSE,FALSE,TRUE,FALSE,FALSE,FALSE,FALSE,TRUE
25:24.0,32.82,12,15,6,5,2024,TRUE,FALSE,FALSE,FALSE,FALSE,FALSE,FALSE,TRUE
03:29.9,32.82,16,15,6,5,2024,TRUE,FALSE,FALSE,FALSE,FALSE,FALSE,FALSE,TRUE
14:04.6,27.92,18,15,6,5,2024,FALSE,FALSE,FALSE,FALSE,FALSE,FALSE,FALSE,TRUE
43:51.5,32.82,10,16,6,6,2024,TRUE,FALSE,FALSE,FALSE,FALSE,FALSE,FALSE,TRUE
58:41.4,37.72,10,16,6,6,2024,FALSE,FALSE,FALSE,FALSE,FALSE,FALSE,TRUE,TRUE
00:38.2,37.72,11,16,6,6,2024,FALSE,FALSE,FALSE,FALSE,FALSE,TRUE,FALSE,TRUE
01:41.5,37.72,11,16,6,6,2024,FALSE,FALSE,FALSE,FALSE,FALSE,TRUE,FALSE,TRUE
49:27.6,32.82,12,16,6,6,2024,TRUE,FALSE,FALSE,FALSE,FALSE,FALSE,FALSE,TRUE
00:39.0,23.02,14,16,6,6,2024,FALSE,FALSE,FALSE,FALSE,TRUE,FALSE,FALSE,TRUE
02:36.3,32.82,15,16,6,6,2024,TRUE,FALSE,FALSE,FALSE,FALSE,FALSE,FALSE,TRUE
05:10.4,32.82,15,16,6,6,2024,TRUE,FALSE,FALSE,FALSE,FALSE,FALSE,FALSE,TRUE
43:59.6,37.72,15,16,6,6,2024,FALSE,FALSE,FALSE,FALSE,FALSE,TRUE,FALSE,TRUE
47:36.5,37.72,16,16,6,6,2024,FALSE,FALSE,FALSE,FALSE,FALSE,TRUE,FALSE,TRUE
45:17.3,32.82,17,16,6,6,2024,TRUE,FALSE,FALSE,FALSE,FALSE,FALSE,FALSE,TRUE
46:16.6,32.82,17,16,6,6,2024,TRUE,FALSE,FALSE,FALSE,FALSE,FALSE,FALSE,TRUE
57:24.0,27.92,8,17,6,0,2024,FALSE,FALSE,FALSE,FALSE,FALSE,FALSE,FALSE,TRUE
12:05.1,27.92,10,17,6,0,2024,FALSE,FALSE,FALSE,TRUE,FALSE,FALSE,FALSE,TRUE
13:37.6,27.92,10,17,6,0,2024,FALSE,FALSE,FALSE,TRUE,FALSE,FALSE,FALSE,TRUE
55:51.6,37.72,10,17,6,0,2024,FALSE,TRUE,FALSE,FALSE,FALSE,FALSE,FALSE,TRUE
51:35.4,37.72,14,17,6,0,2024,FALSE,TRUE,FALSE,FALSE,FALSE,FALSE,FALSE,TRUE
50:13.4,37.72,16,17,6,0,2024,FALSE,TRUE,FALSE,FALSE,FALSE,FALSE,FALSE,TRUE
51:11.0,37.72,16,17,6,0,2024,FALSE,TRUE,FALSE,FALSE,FALSE,FALSE,FALSE,TRUE
52:36.3,27.92,16,17,6,0,2024,FALSE,FALSE,FALSE,FALSE,FALSE,FALSE,FALSE,TRUE
51:19.6,27.92,18,17,6,0,2024,FALSE,FALSE,FALSE,FALSE,FALSE,FALSE,FALSE,TRUE
16:11.5,32.82,21,17,6,0,2024,TRUE,FALSE,FALSE,FALSE,FALSE,FALSE,FALSE,TRUE
04:06.1,27.92,14,18,6,1,2024,FALSE,FALSE,FALSE,FALSE,FALSE,FALSE,FALSE,TRUE
05:12.3,37.72,14,18,6,1,2024,FALSE,TRUE,FALSE,FALSE,FALSE,FALSE,FALSE,TRUE
20:40.6,37.72,19,18,6,1,2024,FALSE,TRUE,FALSE,FALSE,FALSE,FALSE,FALSE,TRUE
21:38.9,37.72,19,18,6,1,2024,FALSE,TRUE,FALSE,FALSE,FALSE,FALSE,FALSE,TRUE
35:49.5,27.92,20,18,6,1,2024,FALSE,FALSE,FALSE,TRUE,FALSE,FALSE,FALSE,TRUE
20:49.5,32.82,21,18,6,1,2024,TRUE,FALSE,FALSE,FALSE,FALSE,FALSE,FALSE,TRUE
22:18.5,32.82,21,18,6,1,2024,TRUE,FALSE,FALSE,FALSE,FALSE,FALSE,FALSE,TRUE
47:19.8,37.72,7,19,6,2,2024,FALSE,FALSE,FALSE,FALSE,FALSE,FALSE,TRUE,TRUE
17:54.5,27.92,8,19,6,2,2024,FALSE,FALSE,FALSE,TRUE,FALSE,FALSE,FALSE,TRUE
54:00.5,27.92,10,19,6,2,2024,FALSE,FALSE,FALSE,FALSE,FALSE,FALSE,FALSE,TRUE
11:27.8,37.72,11,19,6,2,2024,FALSE,FALSE,FALSE,FALSE,FALSE,FALSE,TRUE,TRUE
12:31.4,37.72,11,19,6,2,2024,FALSE,FALSE,TRUE,FALSE,FALSE,FALSE,FALSE,TRUE
21:36.3,32.82,14,19,6,2,2024,TRUE,FALSE,FALSE,FALSE,FALSE,FALSE,FALSE,TRUE
28:43.4,37.72,18,19,6,2,2024,FALSE,TRUE,FALSE,FALSE,FALSE,FALSE,FALSE,TRUE
29:59.0,37.72,18,19,6,2,2024,FALSE,FALSE,FALSE,FALSE,FALSE,FALSE,TRUE,TRUE
31:31.3,32.82,19,19,6,2,2024,TRUE,FALSE,FALSE,FALSE,FALSE,FALSE,FALSE,TRUE
28:59.5,37.72,21,19,6,2,2024,FALSE,TRUE,FALSE,FALSE,FALSE,FALSE,FALSE,TRUE
30:03.5,32.82,21,19,6,2,2024,TRUE,FALSE,FALSE,FALSE,FALSE,FALSE,FALSE,TRUE
50:06.5,37.72,10,20,6,3,2024,FALSE,FALSE,FALSE,FALSE,FALSE,FALSE,TRUE,TRUE
59:02.1,37.72,18,20,6,3,2024,FALSE,FALSE,FALSE,FALSE,FALSE,FALSE,TRUE,TRUE
00:00.2,37.72,19,20,6,3,2024,FALSE,FALSE,FALSE,FALSE,FALSE,FALSE,TRUE,TRUE
39:10.0,37.72,21,20,6,3,2024,FALSE,FALSE,FALSE,FALSE,FALSE,FALSE,TRUE,TRUE
57:40.6,37.72,21,20,6,3,2024,FALSE,FALSE,FALSE,FALSE,FALSE,FALSE,TRUE,TRUE
59:17.6,32.82,21,20,6,3,2024,TRUE,FALSE,FALSE,FALSE,FALSE,FALSE,FALSE,TRUE
59:55.9,37.72,9,21,6,4,2024,FALSE,FALSE,FALSE,FALSE,FALSE,FALSE,TRUE,TRUE
01:40.2,27.92,10,21,6,4,2024,FALSE,FALSE,FALSE,FALSE,FALSE,FALSE,FALSE,TRUE
19:19.4,32.82,13,21,6,4,2024,TRUE,FALSE,FALSE,FALSE,FALSE,FALSE,FALSE,TRUE
20:31.5,32.82,13,21,6,4,2024,TRUE,FALSE,FALSE,FALSE,FALSE,FALSE,FALSE,TRUE
12:16.1,23.02,18,21,6,4,2024,FALSE,FALSE,FALSE,FALSE,TRUE,FALSE,FALSE,TRUE
30:26.7,37.72,19,21,6,4,2024,FALSE,FALSE,FALSE,FALSE,FALSE,FALSE,TRUE,TRUE
47:06.2,37.72,19,21,6,4,2024,FALSE,TRUE,FALSE,FALSE,FALSE,FALSE,FALSE,TRUE
48:06.7,37.72,19,21,6,4,2024,FALSE,TRUE,FALSE,FALSE,FALSE,FALSE,FALSE,TRUE
49:54.5,37.72,19,21,6,4,2024,FALSE,TRUE,FALSE,FALSE,FALSE,FALSE,FALSE,TRUE
51:00.2,37.72,19,21,6,4,2024,FALSE,TRUE,FALSE,FALSE,FALSE,FALSE,FALSE,TRUE
52:18.8,27.92,19,21,6,4,2024,FALSE,FALSE,FALSE,FALSE,FALSE,FALSE,FALSE,TRUE
55:37.1,32.82,19,21,6,4,2024,TRUE,FALSE,FALSE,FALSE,FALSE,FALSE,FALSE,TRUE
39:50.3,27.92,8,22,6,5,2024,FALSE,FALSE,FALSE,TRUE,FALSE,FALSE,FALSE,TRUE
37:48.8,32.82,9,22,6,5,2024,TRUE,FALSE,FALSE,FALSE,FALSE,FALSE,FALSE,TRUE
53:15.5,32.82,12,22,6,5,2024,TRUE,FALSE,FALSE,FALSE,FALSE,FALSE,FALSE,TRUE
37:20.1,37.72,15,22,6,5,2024,FALSE,FALSE,FALSE,FALSE,FALSE,FALSE,TRUE,TRUE
10:23.0,37.72,22,22,6,5,2024,FALSE,TRUE,FALSE,FALSE,FALSE,FALSE,FALSE,TRUE
12:01.4,32.82,18,23,6,6,2024,TRUE,FALSE,FALSE,FALSE,FALSE,FALSE,FALSE,TRUE
13:50.6,32.82,18,23,6,6,2024,TRUE,FALSE,FALSE,FALSE,FALSE,FALSE,FALSE,TRUE
06:47.0,37.72,21,23,6,6,2024,FALSE,TRUE,FALSE,FALSE,FALSE,FALSE,FALSE,TRUE
29:07.8,37.72,21,23,6,6,2024,FALSE,FALSE,FALSE,FALSE,FALSE,FALSE,TRUE,TRUE
30:36.4,37.72,21,23,6,6,2024,FALSE,TRUE,FALSE,FALSE,FALSE,FALSE,FALSE,TRUE
44:39.9,32.82,11,24,6,0,2024,TRUE,FALSE,FALSE,FALSE,FALSE,FALSE,FALSE,TRUE
49:36.0,37.72,11,24,6,0,2024,FALSE,TRUE,FALSE,FALSE,FALSE,FALSE,FALSE,TRUE
50:44.1,37.72,11,24,6,0,2024,FALSE,TRUE,FALSE,FALSE,FALSE,FALSE,FALSE,TRUE
02:29.0,37.72,15,24,6,0,2024,FALSE,FALSE,FALSE,FALSE,FALSE,FALSE,TRUE,TRUE
46:00.6,37.72,16,24,6,0,2024,FALSE,TRUE,FALSE,FALSE,FALSE,FALSE,FALSE,TRUE
47:00.4,37.72,16,24,6,0,2024,FALSE,TRUE,FALSE,FALSE,FALSE,FALSE,FALSE,TRUE
19:24.2,37.72,8,25,6,1,2024,FALSE,FALSE,FALSE,FALSE,FALSE,FALSE,TRUE,TRUE
28:26.4,32.82,10,25,6,1,2024,TRUE,FALSE,FALSE,FALSE,FALSE,FALSE,FALSE,TRUE
29:42.4,32.82,10,25,6,1,2024,TRUE,FALSE,FALSE,FALSE,FALSE,FALSE,FALSE,TRUE
34:52.3,37.72,11,25,6,1,2024,FALSE,TRUE,FALSE,FALSE,FALSE,FALSE,FALSE,TRUE
33:01.7,37.72,9,26,6,2,2024,FALSE,FALSE,FALSE,FALSE,FALSE,FALSE,TRUE,TRUE
32:29.5,23.02,16,26,6,2,2024,FALSE,FALSE,FALSE,FALSE,TRUE,FALSE,FALSE,TRUE
34:01.6,27.92,16,26,6,2,2024,FALSE,FALSE,FALSE,FALSE,FALSE,FALSE,FALSE,TRUE
21:53.3,37.72,21,26,6,2,2024,FALSE,FALSE,FALSE,FALSE,FALSE,FALSE,TRUE,TRUE
27:00.8,37.72,21,26,6,2,2024,FALSE,TRUE,FALSE,FALSE,FALSE,FALSE,FALSE,TRUE
28:14.6,32.82,21,26,6,2,2024,TRUE,FALSE,FALSE,FALSE,FALSE,FALSE,FALSE,TRUE
15:43.2,32.82,9,27,6,3,2024,TRUE,FALSE,FALSE,FALSE,FALSE,FALSE,FALSE,TRUE
11:48.0,27.92,16,27,6,3,2024,FALSE,FALSE,FALSE,TRUE,FALSE,FALSE,FALSE,TRUE
44:03.4,32.82,21,27,6,3,2024,TRUE,FALSE,FALSE,FALSE,FALSE,FALSE,FALSE,TRUE
50:31.6,37.72,21,27,6,3,2024,FALSE,TRUE,FALSE,FALSE,FALSE,FALSE,FALSE,TRUE
08:35.0,27.92,8,28,6,4,2024,FALSE,FALSE,FALSE,TRUE,FALSE,FALSE,FALSE,TRUE
51:54.0,23.02,17,28,6,4,2024,FALSE,FALSE,FALSE,FALSE,TRUE,FALSE,FALSE,TRUE
50:55.4,32.82,21,28,6,4,2024,TRUE,FALSE,FALSE,FALSE,FALSE,FALSE,FALSE,TRUE
52:01.9,37.72,21,28,6,4,2024,FALSE,FALSE,FALSE,FALSE,FALSE,FALSE,TRUE,TRUE
28:20.0,37.72,22,28,6,4,2024,FALSE,TRUE,FALSE,FALSE,FALSE,FALSE,FALSE,TRUE
47:10.3,32.82,9,29,6,5,2024,TRUE,FALSE,FALSE,FALSE,FALSE,FALSE,FALSE,TRUE
40:19.6,32.82,11,29,6,5,2024,TRUE,FALSE,FALSE,FALSE,FALSE,FALSE,FALSE,TRUE
41:26.6,32.82,11,29,6,5,2024,TRUE,FALSE,FALSE,FALSE,FALSE,FALSE,FALSE,TRUE
30:24.4,37.72,12,29,6,5,2024,FALSE,TRUE,FALSE,FALSE,FALSE,FALSE,FALSE,TRUE
31:42.6,37.72,12,29,6,5,2024,FALSE,TRUE,FALSE,FALSE,FALSE,FALSE,FALSE,TRUE
23:43.6,37.72,17,29,6,5,2024,FALSE,TRUE,FALSE,FALSE,FALSE,FALSE,FALSE,TRUE
24:52.4,37.72,17,29,6,5,2024,FALSE,FALSE,FALSE,FALSE,FALSE,TRUE,FALSE,TRUE
27:22.4,37.72,21,29,6,5,2024,FALSE,FALSE,FALSE,FALSE,FALSE,FALSE,TRUE,TRUE
28:09.8,37.72,10,30,6,6,2024,FALSE,FALSE,FALSE,FALSE,FALSE,FALSE,TRUE,TRUE
05:50.6,23.02,13,30,6,6,2024,FALSE,FALSE,FALSE,FALSE,TRUE,FALSE,FALSE,TRUE
54:41.7,37.72,16,30,6,6,2024,FALSE,FALSE,FALSE,FALSE,FALSE,TRUE,FALSE,TRUE
04:09.7,32.82,21,30,6,6,2024,TRUE,FALSE,FALSE,FALSE,FALSE,FALSE,FALSE,TRUE
07:26.8,23.02,18,1,7,0,2024,FALSE,FALSE,FALSE,FALSE,TRUE,FALSE,FALSE,TRUE
56:51.8,37.72,18,1,7,0,2024,FALSE,TRUE,FALSE,FALSE,FALSE,FALSE,FALSE,TRUE
57:54.3,37.72,18,1,7,0,2024,FALSE,TRUE,FALSE,FALSE,FALSE,FALSE,FALSE,TRUE
42:54.1,32.82,10,2,7,1,2024,TRUE,FALSE,FALSE,FALSE,FALSE,FALSE,FALSE,TRUE
45:00.6,27.92,10,2,7,1,2024,FALSE,FALSE,FALSE,FALSE,FALSE,FALSE,FALSE,TRUE
48:05.2,37.72,12,2,7,1,2024,FALSE,FALSE,FALSE,FALSE,FALSE,FALSE,TRUE,TRUE
03:13.2,27.92,14,2,7,1,2024,FALSE,FALSE,FALSE,FALSE,FALSE,FALSE,FALSE,TRUE
31:24.3,32.82,16,2,7,1,2024,TRUE,FALSE,FALSE,FALSE,FALSE,FALSE,FALSE,TRUE
02:23.6,32.82,22,2,7,1,2024,TRUE,FALSE,FALSE,FALSE,FALSE,FALSE,FALSE,TRUE
51:14.9,32.82,13,3,7,2,2024,TRUE,FALSE,FALSE,FALSE,FALSE,FALSE,FALSE,TRUE
01:16.6,37.72,16,3,7,2,2024,FALSE,TRUE,FALSE,FALSE,FALSE,FALSE,FALSE,TRUE
50:25.2,37.72,16,3,7,2,2024,FALSE,TRUE,FALSE,FALSE,FALSE,FALSE,FALSE,TRUE
53:15.6,32.82,16,3,7,2,2024,TRUE,FALSE,FALSE,FALSE,FALSE,FALSE,FALSE,TRUE
54:22.9,32.82,16,3,7,2,2024,TRUE,FALSE,FALSE,FALSE,FALSE,FALSE,FALSE,TRUE
55:31.4,37.72,16,3,7,2,2024,FALSE,FALSE,FALSE,FALSE,FALSE,FALSE,TRUE,TRUE
59:25.6,23.02,16,3,7,2,2024,FALSE,FALSE,FALSE,FALSE,TRUE,FALSE,FALSE,TRUE
59:01.8,37.72,17,3,7,2,2024,FALSE,TRUE,FALSE,FALSE,FALSE,FALSE,FALSE,TRUE
06:09.1,37.72,19,3,7,2,2024,FALSE,FALSE,FALSE,FALSE,FALSE,FALSE,TRUE,TRUE
26:23.7,32.82,10,4,7,3,2024,TRUE,FALSE,FALSE,FALSE,FALSE,FALSE,FALSE,TRUE
27:30.3,27.92,10,4,7,3,2024,FALSE,FALSE,FALSE,FALSE,FALSE,FALSE,FALSE,TRUE
20:28.7,37.72,12,5,7,4,2024,FALSE,FALSE,TRUE,FALSE,FALSE,FALSE,FALSE,TRUE
43:43.1,32.82,13,5,7,4,2024,TRUE,FALSE,FALSE,FALSE,FALSE,FALSE,FALSE,TRUE
44:43.8,32.82,13,5,7,4,2024,TRUE,FALSE,FALSE,FALSE,FALSE,FALSE,FALSE,TRUE
55:56.3,23.02,18,5,7,4,2024,FALSE,FALSE,FALSE,FALSE,TRUE,FALSE,FALSE,TRUE
55:07.8,27.92,19,5,7,4,2024,FALSE,FALSE,FALSE,FALSE,FALSE,FALSE,FALSE,TRUE
11:56.5,23.02,22,5,7,4,2024,FALSE,FALSE,FALSE,FALSE,TRUE,FALSE,FALSE,TRUE
18:03.3,27.92,22,5,7,4,2024,FALSE,FALSE,FALSE,FALSE,FALSE,FALSE,FALSE,TRUE
18:56.9,27.92,22,5,7,4,2024,FALSE,FALSE,FALSE,FALSE,FALSE,FALSE,FALSE,TRUE
20:01.1,37.72,22,5,7,4,2024,FALSE,TRUE,FALSE,FALSE,FALSE,FALSE,FALSE,TRUE
21:09.5,32.82,22,5,7,4,2024,TRUE,FALSE,FALSE,FALSE,FALSE,FALSE,FALSE,TRUE
28:06.8,37.72,10,6,7,5,2024,FALSE,FALSE,FALSE,FALSE,FALSE,FALSE,TRUE,TRUE
15:46.0,32.82,17,6,7,5,2024,FALSE,FALSE,FALSE,FALSE,FALSE,FALSE,TRUE,TRUE
17:01.0,32.82,17,6,7,5,2024,FALSE,FALSE,FALSE,FALSE,FALSE,FALSE,TRUE,TRUE
09:46.1,32.82,19,6,7,5,2024,FALSE,FALSE,FALSE,FALSE,FALSE,FALSE,TRUE,TRUE
10:39.6,27.92,19,6,7,5,2024,TRUE,FALSE,FALSE,FALSE,FALSE,FALSE,FALSE,TRUE
04:20.2,32.82,9,7,7,6,2024,FALSE,TRUE,FALSE,FALSE,FALSE,FALSE,FALSE,TRUE
14:29.2,27.92,9,7,7,6,2024,TRUE,FALSE,FALSE,FALSE,FALSE,FALSE,FALSE,TRUE
15:36.8,27.92,9,7,7,6,2024,TRUE,FALSE,FALSE,FALSE,FALSE,FALSE,FALSE,TRUE
28:48.9,32.82,9,7,7,6,2024,FALSE,TRUE,FALSE,FALSE,FALSE,FALSE,FALSE,TRUE
29:56.2,32.82,9,7,7,6,2024,FALSE,TRUE,FALSE,FALSE,FALSE,FALSE,FALSE,TRUE
56:30.2,32.82,14,7,7,6,2024,FALSE,FALSE,FALSE,FALSE,FALSE,TRUE,FALSE,TRUE
57:47.4,32.82,14,7,7,6,2024,FALSE,FALSE,TRUE,FALSE,FALSE,FALSE,FALSE,TRUE
07:50.3,32.82,17,7,7,6,2024,FALSE,FALSE,FALSE,FALSE,FALSE,FALSE,TRUE,TRUE
33:27.2,32.82,19,7,7,6,2024,FALSE,TRUE,FALSE,FALSE,FALSE,FALSE,FALSE,TRUE
01:31.7,32.82,20,7,7,6,2024,FALSE,FALSE,FALSE,FALSE,FALSE,TRUE,FALSE,TRUE
33:36.3,27.92,22,7,7,6,2024,TRUE,FALSE,FALSE,FALSE,FALSE,FALSE,FALSE,TRUE
33:07.7,32.82,7,8,7,0,2024,FALSE,FALSE,FALSE,FALSE,FALSE,FALSE,TRUE,TRUE
02:50.4,23.02,12,8,7,0,2024,FALSE,FALSE,FALSE,FALSE,FALSE,FALSE,FALSE,TRUE
40:24.3,23.02,14,8,7,0,2024,FALSE,FALSE,FALSE,FALSE,FALSE,FALSE,FALSE,TRUE
30:35.0,27.92,19,8,7,0,2024,TRUE,FALSE,FALSE,FALSE,FALSE,FALSE,FALSE,TRUE
14:46.2,32.82,22,8,7,0,2024,FALSE,FALSE,FALSE,FALSE,FALSE,FALSE,TRUE,TRUE
26:52.1,27.92,10,9,7,1,2024,TRUE,FALSE,FALSE,FALSE,FALSE,FALSE,FALSE,TRUE
40:28.8,27.92,10,9,7,1,2024,TRUE,FALSE,FALSE,FALSE,FALSE,FALSE,FALSE,TRUE
21:36.1,27.92,11,9,7,1,2024,TRUE,FALSE,FALSE,FALSE,FALSE,FALSE,FALSE,TRUE
22:49.9,32.82,11,9,7,1,2024,FALSE,TRUE,FALSE,FALSE,FALSE,FALSE,FALSE,TRUE
42:59.5,27.92,16,9,7,1,2024,TRUE,FALSE,FALSE,FALSE,FALSE,FALSE,FALSE,TRUE
10:41.7,23.02,11,10,7,2,2024,FALSE,FALSE,FALSE,FALSE,FALSE,FALSE,FALSE,TRUE
28:53.7,27.92,12,10,7,2,2024,TRUE,FALSE,FALSE,FALSE,FALSE,FALSE,FALSE,TRUE
13:10.0,32.82,22,10,7,2,2024,FALSE,FALSE,FALSE,FALSE,FALSE,FALSE,TRUE,TRUE
27:27.6,32.82,11,11,7,3,2024,FALSE,FALSE,FALSE,FALSE,FALSE,TRUE,FALSE,TRUE
48:18.7,27.92,16,11,7,3,2024,TRUE,FALSE,FALSE,FALSE,FALSE,FALSE,FALSE,TRUE
22:13.6,32.82,22,11,7,3,2024,FALSE,FALSE,FALSE,FALSE,FALSE,FALSE,TRUE,TRUE
30:58.5,23.02,22,11,7,3,2024,FALSE,FALSE,FALSE,FALSE,FALSE,FALSE,FALSE,TRUE
03:17.5,23.02,8,12,7,4,2024,FALSE,FALSE,FALSE,TRUE,FALSE,FALSE,FALSE,TRUE
48:33.4,32.82,11,12,7,4,2024,FALSE,FALSE,FALSE,FALSE,FALSE,TRUE,FALSE,TRUE
33:25.6,32.82,22,12,7,4,2024,FALSE,FALSE,FALSE,FALSE,FALSE,TRUE,FALSE,TRUE
34:14.3,32.82,22,12,7,4,2024,FALSE,FALSE,FALSE,FALSE,FALSE,TRUE,FALSE,TRUE
35:29.5,32.82,22,12,7,4,2024,FALSE,FALSE,FALSE,FALSE,FALSE,TRUE,FALSE,TRUE
38:10.3,32.82,10,13,7,5,2024,FALSE,FALSE,FALSE,FALSE,FALSE,FALSE,TRUE,TRUE
41:38.1,32.82,11,13,7,5,2024,FALSE,FALSE,FALSE,FALSE,FALSE,FALSE,TRUE,TRUE
54:24.3,23.02,10,14,7,6,2024,FALSE,FALSE,FALSE,FALSE,FALSE,FALSE,FALSE,TRUE
55:30.5,27.92,10,14,7,6,2024,TRUE,FALSE,FALSE,FALSE,FALSE,FALSE,FALSE,TRUE
56:30.3,32.82,10,14,7,6,2024,FALSE,TRUE,FALSE,FALSE,FALSE,FALSE,FALSE,TRUE
57:54.1,32.82,10,14,7,6,2024,FALSE,FALSE,FALSE,FALSE,FALSE,FALSE,TRUE,TRUE
02:11.8,23.02,11,14,7,6,2024,FALSE,FALSE,FALSE,FALSE,FALSE,FALSE,FALSE,TRUE
31:30.0,32.82,22,14,7,6,2024,FALSE,FALSE,FALSE,FALSE,FALSE,FALSE,TRUE,TRUE
33:05.6,32.82,7,15,7,0,2024,FALSE,TRUE,FALSE,FALSE,FALSE,FALSE,FALSE,TRUE
23:37.5,27.92,12,16,7,1,2024,TRUE,FALSE,FALSE,FALSE,FALSE,FALSE,FALSE,TRUE
29:25.5,32.82,19,16,7,1,2024,FALSE,FALSE,FALSE,FALSE,FALSE,TRUE,FALSE,TRUE
04:59.7,27.92,13,17,7,2,2024,TRUE,FALSE,FALSE,FALSE,FALSE,FALSE,FALSE,TRUE
10:13.4,27.92,11,18,7,3,2024,TRUE,FALSE,FALSE,FALSE,FALSE,FALSE,FALSE,TRUE
11:23.4,18.12,11,18,7,3,2024,FALSE,FALSE,FALSE,FALSE,TRUE,FALSE,FALSE,TRUE
32:59.6,23.02,11,18,7,3,2024,FALSE,FALSE,FALSE,FALSE,FALSE,FALSE,FALSE,TRUE
34:48.4,23.02,11,18,7,3,2024,FALSE,FALSE,FALSE,FALSE,FALSE,FALSE,FALSE,TRUE
35:51.5,23.02,11,18,7,3,2024,FALSE,FALSE,FALSE,TRUE,FALSE,FALSE,FALSE,TRUE
23:33.8,32.82,13,18,7,3,2024,FALSE,FALSE,FALSE,FALSE,FALSE,FALSE,TRUE,TRUE
18:23.4,32.82,18,18,7,3,2024,FALSE,TRUE,FALSE,FALSE,FALSE,FALSE,FALSE,TRUE
30:50.6,32.82,19,18,7,3,2024,FALSE,FALSE,FALSE,FALSE,FALSE,FALSE,TRUE,TRUE
19:41.8,32.82,21,18,7,3,2024,FALSE,FALSE,FALSE,FALSE,FALSE,TRUE,FALSE,TRUE
21:59.9,32.82,21,18,7,3,2024,FALSE,FALSE,FALSE,FALSE,FALSE,FALSE,TRUE,TRUE
46:18.7,32.82,21,18,7,3,2024,FALSE,FALSE,FALSE,FALSE,FALSE,FALSE,TRUE,TRUE
03:02.3,23.02,11,19,7,4,2024,FALSE,FALSE,FALSE,FALSE,FALSE,FALSE,FALSE,TRUE
16:20.5,27.92,11,19,7,4,2024,TRUE,FALSE,FALSE,FALSE,FALSE,FALSE,FALSE,TRUE
58:37.6,32.82,12,19,7,4,2024,FALSE,FALSE,FALSE,FALSE,FALSE,FALSE,TRUE,TRUE
59:55.4,27.92,12,19,7,4,2024,TRUE,FALSE,FALSE,FALSE,FALSE,FALSE,FALSE,TRUE
09:20.7,32.82,14,19,7,4,2024,FALSE,FALSE,FALSE,FALSE,FALSE,FALSE,TRUE,TRUE
11:22.1,32.82,14,19,7,4,2024,FALSE,FALSE,TRUE,FALSE,FALSE,FALSE,FALSE,TRUE
36:19.3,32.82,16,19,7,4,2024,FALSE,FALSE,FALSE,FALSE,FALSE,FALSE,TRUE,TRUE
37:35.8,32.82,16,19,7,4,2024,FALSE,FALSE,FALSE,FALSE,FALSE,FALSE,TRUE,TRUE
05:44.5,23.02,8,20,7,5,2024,FALSE,FALSE,FALSE,FALSE,FALSE,FALSE,FALSE,TRUE
06:48.7,32.82,8,20,7,5,2024,FALSE,FALSE,FALSE,FALSE,FALSE,FALSE,TRUE,TRUE
07:51.4,23.02,8,20,7,5,2024,FALSE,FALSE,FALSE,FALSE,FALSE,FALSE,FALSE,TRUE
00:53.6,32.82,9,20,7,5,2024,FALSE,FALSE,FALSE,FALSE,FALSE,FALSE,TRUE,TRUE
02:27.8,32.82,9,20,7,5,2024,FALSE,FALSE,FALSE,FALSE,FALSE,FALSE,TRUE,TRUE
39:21.0,23.02,10,20,7,5,2024,FALSE,FALSE,FALSE,FALSE,FALSE,FALSE,FALSE,TRUE
15:09.2,32.82,15,20,7,5,2024,FALSE,FALSE,FALSE,FALSE,FALSE,FALSE,TRUE,TRUE
30:55.8,32.82,10,21,7,6,2024,FALSE,FALSE,TRUE,FALSE,FALSE,FALSE,FALSE,TRUE
39:28.8,32.82,11,21,7,6,2024,FALSE,TRUE,FALSE,FALSE,FALSE,FALSE,FALSE,TRUE
34:30.8,23.02,13,21,7,6,2024,FALSE,FALSE,FALSE,TRUE,FALSE,FALSE,FALSE,TRUE
42:31.4,32.82,13,21,7,6,2024,FALSE,FALSE,FALSE,FALSE,FALSE,FALSE,TRUE,TRUE
13:23.1,23.02,8,22,7,0,2024,FALSE,FALSE,FALSE,FALSE,FALSE,FALSE,FALSE,TRUE
40:49.6,23.02,8,22,7,0,2024,FALSE,FALSE,FALSE,FALSE,FALSE,FALSE,FALSE,TRUE
15:37.3,27.92,10,22,7,0,2024,TRUE,FALSE,FALSE,FALSE,FALSE,FALSE,FALSE,TRUE
44:37.6,32.82,16,22,7,0,2024,FALSE,FALSE,FALSE,FALSE,FALSE,FALSE,TRUE,TRUE
12:56.2,32.82,8,23,7,1,2024,FALSE,FALSE,FALSE,FALSE,FALSE,FALSE,TRUE,TRUE
40:19.0,23.02,8,23,7,1,2024,FALSE,FALSE,FALSE,FALSE,FALSE,FALSE,FALSE,TRUE
44:53.8,27.92,8,23,7,1,2024,TRUE,FALSE,FALSE,FALSE,FALSE,FALSE,FALSE,TRUE
49:25.1,32.82,8,23,7,1,2024,FALSE,FALSE,TRUE,FALSE,FALSE,FALSE,FALSE,TRUE
51:10.4,32.82,8,23,7,1,2024,FALSE,FALSE,FALSE,FALSE,FALSE,FALSE,TRUE,TRUE
01:45.7,23.02,9,23,7,1,2024,FALSE,FALSE,FALSE,FALSE,FALSE,FALSE,FALSE,TRUE
03:36.5,27.92,10,23,7,1,2024,TRUE,FALSE,FALSE,FALSE,FALSE,FALSE,FALSE,TRUE
20:05.0,27.92,15,23,7,1,2024,TRUE,FALSE,FALSE,FALSE,FALSE,FALSE,FALSE,TRUE
21:01.3,32.82,15,23,7,1,2024,FALSE,FALSE,FALSE,FALSE,FALSE,FALSE,TRUE,TRUE
01:40.6,32.82,21,23,7,1,2024,FALSE,FALSE,FALSE,FALSE,FALSE,FALSE,TRUE,TRUE
23:13.5,23.02,21,23,7,1,2024,FALSE,FALSE,FALSE,FALSE,FALSE,FALSE,FALSE,TRUE
24:22.6,23.02,21,23,7,1,2024,FALSE,FALSE,FALSE,FALSE,FALSE,FALSE,FALSE,TRUE
16:09.8,27.92,9,24,7,2,2024,TRUE,FALSE,FALSE,FALSE,FALSE,FALSE,FALSE,TRUE
38:55.0,27.92,9,24,7,2,2024,TRUE,FALSE,FALSE,FALSE,FALSE,FALSE,FALSE,TRUE
54:37.5,18.12,9,24,7,2,2024,FALSE,FALSE,FALSE,FALSE,TRUE,FALSE,FALSE,TRUE
43:53.1,32.82,11,24,7,2,2024,FALSE,TRUE,FALSE,FALSE,FALSE,FALSE,FALSE,TRUE
55:13.8,32.82,13,24,7,2,2024,FALSE,FALSE,FALSE,FALSE,FALSE,FALSE,TRUE,TRUE
45:49.8,18.12,14,24,7,2,2024,FALSE,FALSE,FALSE,FALSE,TRUE,FALSE,FALSE,TRUE
18:30.5,32.82,15,24,7,2,2024,FALSE,FALSE,FALSE,FALSE,FALSE,FALSE,TRUE,TRUE
15:05.7,32.82,19,24,7,2,2024,FALSE,TRUE,FALSE,FALSE,FALSE,FALSE,FALSE,TRUE
16:59.8,32.82,19,24,7,2,2024,FALSE,TRUE,FALSE,FALSE,FALSE,FALSE,FALSE,TRUE
17:36.8,27.92,21,24,7,2,2024,TRUE,FALSE,FALSE,FALSE,FALSE,FALSE,FALSE,TRUE
18:41.3,23.02,21,24,7,2,2024,FALSE,FALSE,FALSE,FALSE,FALSE,FALSE,FALSE,TRUE
25:17.5,23.02,21,24,7,2,2024,FALSE,FALSE,FALSE,FALSE,FALSE,FALSE,FALSE,TRUE
54:47.9,23.02,7,25,7,3,2024,FALSE,FALSE,FALSE,FALSE,FALSE,FALSE,FALSE,TRUE
49:18.4,32.82,8,25,7,3,2024,FALSE,FALSE,FALSE,FALSE,FALSE,FALSE,TRUE,TRUE
29:44.6,27.92,10,25,7,3,2024,TRUE,FALSE,FALSE,FALSE,FALSE,FALSE,FALSE,TRUE
26:04.7,23.02,11,25,7,3,2024,FALSE,FALSE,FALSE,FALSE,FALSE,FALSE,FALSE,TRUE
25:06.5,32.82,15,25,7,3,2024,FALSE,TRUE,FALSE,FALSE,FALSE,FALSE,FALSE,TRUE
21:00.8,32.82,19,25,7,3,2024,FALSE,TRUE,FALSE,FALSE,FALSE,FALSE,FALSE,TRUE
06:01.3,23.02,21,25,7,3,2024,FALSE,FALSE,FALSE,TRUE,FALSE,FALSE,FALSE,TRUE
06:50.0,18.12,21,25,7,3,2024,FALSE,FALSE,FALSE,FALSE,TRUE,FALSE,FALSE,TRUE
38:51.3,23.02,22,25,7,3,2024,FALSE,FALSE,FALSE,TRUE,FALSE,FALSE,FALSE,TRUE
39:46.8,32.82,22,25,7,3,2024,FALSE,FALSE,TRUE,FALSE,FALSE,FALSE,FALSE,TRUE
33:01.3,32.82,8,26,7,4,2024,FALSE,FALSE,FALSE,FALSE,FALSE,FALSE,TRUE,TRUE
19:37.4,27.92,9,26,7,4,2024,TRUE,FALSE,FALSE,FALSE,FALSE,FALSE,FALSE,TRUE
20:34.3,18.12,9,26,7,4,2024,FALSE,FALSE,FALSE,FALSE,TRUE,FALSE,FALSE,TRUE
33:11.5,23.02,9,26,7,4,2024,FALSE,FALSE,FALSE,TRUE,FALSE,FALSE,FALSE,TRUE
34:16.6,23.02,9,26,7,4,2024,FALSE,FALSE,FALSE,TRUE,FALSE,FALSE,FALSE,TRUE
59:07.9,32.82,9,26,7,4,2024,FALSE,FALSE,FALSE,FALSE,FALSE,FALSE,TRUE,TRUE
00:02.7,32.82,10,26,7,4,2024,FALSE,FALSE,FALSE,FALSE,FALSE,FALSE,TRUE,TRUE
47:13.9,27.92,11,26,7,4,2024,TRUE,FALSE,FALSE,FALSE,FALSE,FALSE,FALSE,TRUE
07:01.7,27.92,12,26,7,4,2024,TRUE,FALSE,FALSE,FALSE,FALSE,FALSE,FALSE,TRUE
28:08.0,32.82,12,26,7,4,2024,FALSE,TRUE,FALSE,FALSE,FALSE,FALSE,FALSE,TRUE
29:17.7,32.82,12,26,7,4,2024,FALSE,TRUE,FALSE,FALSE,FALSE,FALSE,FALSE,TRUE
09:56.1,32.82,13,26,7,4,2024,FALSE,FALSE,FALSE,FALSE,FALSE,FALSE,TRUE,TRUE
23:29.3,23.02,17,26,7,4,2024,FALSE,FALSE,FALSE,FALSE,FALSE,FALSE,FALSE,TRUE
58:29.2,32.82,17,26,7,4,2024,FALSE,TRUE,FALSE,FALSE,FALSE,FALSE,FALSE,TRUE
15:09.6,32.82,21,26,7,4,2024,FALSE,FALSE,FALSE,FALSE,FALSE,FALSE,TRUE,TRUE
49:52.3,27.92,22,26,7,4,2024,TRUE,FALSE,FALSE,FALSE,FALSE,FALSE,FALSE,TRUE
09:16.5,32.82,9,27,7,5,2024,FALSE,TRUE,FALSE,FALSE,FALSE,FALSE,FALSE,TRUE
55:31.4,27.92,11,27,7,5,2024,TRUE,FALSE,FALSE,FALSE,FALSE,FALSE,FALSE,TRUE
25:10.1,27.92,12,27,7,5,2024,TRUE,FALSE,FALSE,FALSE,FALSE,FALSE,FALSE,TRUE
26:13.2,18.12,12,27,7,5,2024,FALSE,FALSE,FALSE,FALSE,TRUE,FALSE,FALSE,TRUE
33:23.1,27.92,12,27,7,5,2024,TRUE,FALSE,FALSE,FALSE,FALSE,FALSE,FALSE,TRUE
28:41.9,18.12,14,27,7,5,2024,FALSE,FALSE,FALSE,FALSE,TRUE,FALSE,FALSE,TRUE
51:53.2,32.82,14,27,7,5,2024,FALSE,FALSE,FALSE,FALSE,FALSE,FALSE,TRUE,TRUE
02:33.4,32.82,17,27,7,5,2024,FALSE,TRUE,FALSE,FALSE,FALSE,FALSE,FALSE,TRUE
03:39.1,32.82,17,27,7,5,2024,FALSE,TRUE,FALSE,FALSE,FALSE,FALSE,FALSE,TRUE
09:00.4,27.92,17,27,7,5,2024,TRUE,FALSE,FALSE,FALSE,FALSE,FALSE,FALSE,TRUE
10:08.1,27.92,17,27,7,5,2024,TRUE,FALSE,FALSE,FALSE,FALSE,FALSE,FALSE,TRUE
55:20.2,32.82,20,27,7,5,2024,FALSE,FALSE,FALSE,FALSE,FALSE,FALSE,TRUE,TRUE
56:23.9,32.82,22,27,7,5,2024,FALSE,TRUE,FALSE,FALSE,FALSE,FALSE,FALSE,TRUE
07:25.9,18.12,11,28,7,6,2024,FALSE,FALSE,FALSE,FALSE,TRUE,FALSE,FALSE,TRUE
17:54.2,27.92,14,28,7,6,2024,TRUE,FALSE,FALSE,FALSE,FALSE,FALSE,FALSE,TRUE
18:52.2,32.82,14,28,7,6,2024,FALSE,FALSE,FALSE,FALSE,FALSE,FALSE,TRUE,TRUE
12:06.4,32.82,8,29,7,0,2024,FALSE,FALSE,FALSE,FALSE,FALSE,FALSE,TRUE,TRUE
04:48.0,23.02,9,29,7,0,2024,FALSE,FALSE,FALSE,FALSE,FALSE,FALSE,FALSE,TRUE
15:46.2,27.92,9,29,7,0,2024,TRUE,FALSE,FALSE,FALSE,FALSE,FALSE,FALSE,TRUE
19:44.1,23.02,9,29,7,0,2024,FALSE,FALSE,FALSE,FALSE,FALSE,FALSE,FALSE,TRUE
51:24.7,27.92,9,29,7,0,2024,TRUE,FALSE,FALSE,FALSE,FALSE,FALSE,FALSE,TRUE
58:29.6,32.82,9,29,7,0,2024,FALSE,TRUE,FALSE,FALSE,FALSE,FALSE,FALSE,TRUE
43:44.0,32.82,10,29,7,0,2024,FALSE,FALSE,FALSE,FALSE,FALSE,TRUE,FALSE,TRUE
44:55.8,32.82,10,29,7,0,2024,FALSE,FALSE,FALSE,FALSE,FALSE,TRUE,FALSE,TRUE
06:31.1,32.82,19,29,7,0,2024,FALSE,TRUE,FALSE,FALSE,FALSE,FALSE,FALSE,TRUE
30:16.3,23.02,19,29,7,0,2024,FALSE,FALSE,FALSE,FALSE,FALSE,FALSE,FALSE,TRUE
57:34.4,32.82,21,29,7,0,2024,FALSE,FALSE,TRUE,FALSE,FALSE,FALSE,FALSE,TRUE
41:10.9,27.92,7,30,7,1,2024,TRUE,FALSE,FALSE,FALSE,FALSE,FALSE,FALSE,TRUE
05:07.2,23.02,8,30,7,1,2024,FALSE,FALSE,FALSE,TRUE,FALSE,FALSE,FALSE,TRUE
20:51.1,32.82,8,30,7,1,2024,FALSE,TRUE,FALSE,FALSE,FALSE,FALSE,FALSE,TRUE
13:43.2,27.92,9,30,7,1,2024,TRUE,FALSE,FALSE,FALSE,FALSE,FALSE,FALSE,TRUE
17:11.1,23.02,10,30,7,1,2024,FALSE,FALSE,FALSE,TRUE,FALSE,FALSE,FALSE,TRUE
19:34.2,27.92,10,30,7,1,2024,TRUE,FALSE,FALSE,FALSE,FALSE,FALSE,FALSE,TRUE
23:20.1,32.82,10,30,7,1,2024,FALSE,FALSE,FALSE,FALSE,FALSE,FALSE,TRUE,TRUE
12:07.4,23.02,11,30,7,1,2024,FALSE,FALSE,FALSE,FALSE,FALSE,FALSE,FALSE,TRUE
13:16.2,18.12,11,30,7,1,2024,FALSE,FALSE,FALSE,FALSE,TRUE,FALSE,FALSE,TRUE
14:41.7,27.92,11,30,7,1,2024,TRUE,FALSE,FALSE,FALSE,FALSE,FALSE,FALSE,TRUE
16:01.6,27.92,11,30,7,1,2024,TRUE,FALSE,FALSE,FALSE,FALSE,FALSE,FALSE,TRUE
30:34.7,27.92,11,30,7,1,2024,TRUE,FALSE,FALSE,FALSE,FALSE,FALSE,FALSE,TRUE
31:40.8,27.92,11,30,7,1,2024,TRUE,FALSE,FALSE,FALSE,FALSE,FALSE,FALSE,TRUE
08:07.5,32.82,12,30,7,1,2024,FALSE,FALSE,FALSE,FALSE,FALSE,FALSE,TRUE,TRUE
16:09.6,27.92,15,30,7,1,2024,TRUE,FALSE,FALSE,FALSE,FALSE,FALSE,FALSE,TRUE
08:52.9,23.02,16,30,7,1,2024,FALSE,FALSE,FALSE,TRUE,FALSE,FALSE,FALSE,TRUE
09:43.6,27.92,16,30,7,1,2024,TRUE,FALSE,FALSE,FALSE,FALSE,FALSE,FALSE,TRUE
24:19.9,18.12,20,30,7,1,2024,FALSE,FALSE,FALSE,FALSE,TRUE,FALSE,FALSE,TRUE
53:51.9,27.92,20,30,7,1,2024,TRUE,FALSE,FALSE,FALSE,FALSE,FALSE,FALSE,TRUE
54:46.3,27.92,20,30,7,1,2024,TRUE,FALSE,FALSE,FALSE,FALSE,FALSE,FALSE,TRUE
57:02.3,27.92,20,30,7,1,2024,TRUE,FALSE,FALSE,FALSE,FALSE,FALSE,FALSE,TRUE
33:19.2,32.82,21,30,7,1,2024,FALSE,FALSE,FALSE,FALSE,FALSE,FALSE,TRUE,TRUE
15:21.5,23.02,22,30,7,1,2024,FALSE,FALSE,FALSE,FALSE,FALSE,FALSE,FALSE,TRUE
16:19.3,32.82,22,30,7,1,2024,FALSE,TRUE,FALSE,FALSE,FALSE,FALSE,FALSE,TRUE
59:52.1,27.92,7,31,7,2,2024,TRUE,FALSE,FALSE,FALSE,FALSE,FALSE,FALSE,TRUE
37:41.9,27.92,8,31,7,2,2024,TRUE,FALSE,FALSE,FALSE,FALSE,FALSE,FALSE,TRUE
38:38.2,27.92,8,31,7,2,2024,TRUE,FALSE,FALSE,FALSE,FALSE,FALSE,FALSE,TRUE
54:45.3,23.02,9,31,7,2,2024,FALSE,FALSE,FALSE,FALSE,FALSE,FALSE,FALSE,TRUE
55:45.1,23.02,9,31,7,2,2024,FALSE,FALSE,FALSE,FALSE,FALSE,FALSE,FALSE,TRUE
58:15.9,27.92,9,31,7,2,2024,TRUE,FALSE,FALSE,FALSE,FALSE,FALSE,FALSE,TRUE
11:42.6,32.82,13,31,7,2,2024,FALSE,FALSE,TRUE,FALSE,FALSE,FALSE,FALSE,TRUE
14:00.3,32.82,13,31,7,2,2024,FALSE,FALSE,FALSE,FALSE,FALSE,FALSE,TRUE,TRUE
24:49.4,27.92,13,31,7,2,2024,TRUE,FALSE,FALSE,FALSE,FALSE,FALSE,FALSE,TRUE
48:06.8,23.02,17,31,7,2,2024,FALSE,FALSE,FALSE,TRUE,FALSE,FALSE,FALSE,TRUE
04:15.0,32.82,18,31,7,2,2024,FALSE,FALSE,FALSE,FALSE,FALSE,FALSE,TRUE,TRUE
22:38.9,23.02,19,31,7,2,2024,FALSE,FALSE,FALSE,TRUE,FALSE,FALSE,FALSE,TRUE
28:45.1,32.82,19,31,7,2,2024,FALSE,FALSE,FALSE,FALSE,FALSE,FALSE,TRUE,TRUE
46:42.4,32.82,20,31,7,2,2024,FALSE,FALSE,TRUE,FALSE,FALSE,FALSE,FALSE,TRUE
50:07.4,23.02,20,31,7,2,2024,FALSE,FALSE,FALSE,TRUE,FALSE,FALSE,FALSE,TRUE
51:10.4,32.82,20,31,7,2,2024,FALSE,FALSE,FALSE,FALSE,FALSE,FALSE,TRUE,TRUE
52:14.8,32.82,20,31,7,2,2024,FALSE,TRUE,FALSE,FALSE,FALSE,FALSE,FALSE,TRUE
53:35.1,23.02,20,31,7,2,2024,FALSE,FALSE,FALSE,TRUE,FALSE,FALSE,FALSE,TRUE
59:25.0,27.92,20,31,7,2,2024,TRUE,FALSE,FALSE,FALSE,FALSE,FALSE,FALSE,TRUE
26:26.0,32.82,21,31,7,2,2024,FALSE,FALSE,FALSE,FALSE,FALSE,FALSE,TRUE,TRUE
54:11.8,32.82,21,31,7,2,2024,FALSE,FALSE,FALSE,FALSE,FALSE,FALSE,TRUE,TRUE
55:16.6,32.82,21,31,7,2,2024,FALSE,FALSE,FALSE,FALSE,FALSE,FALSE,TRUE,TRUE
